"Chromosome coordinates, orientation (1,-1) and alleles (normal/mutant) ",BC-T,BC-6,BC-7,BC-8,BC-9,BC-11,BC-13,BC-14,BC-15,BC-16,BC-18,BC-21,BC-22,BC-23,BC-24,BC-25,BC-28,BC-29,BC-31,BC-32,BC-33,BC-34,BC-35,BC-36,BC-37,BC-38,BC-39,BC-41,BC-42,BC-43,BC-44,BC-45,BC-46,BC-47,BC-48,BC-49,BC-50,BC-51,BC-52,BC-53,BC-54,BC-55,BC-56,BC-58,BC-59,BN-2,BN-3,BN-5,BN-6,BN-7,BN-9,BN-12,BN-13,BN-14,BN-15,BN-16,BN-T
"1,1411704,1,G/C",-,S,G,G,-,-,S,G,-,-,-,-,-,-,-,-,-,-,-,-,-,-,-,-,-,-,-,-,-,-,-,S,-,-,-,-,-,-,-,-,-,-,G,-,-,G,G,-,G,G,G,G,-,G,G,-,G
"1,7756132,1,C/T",Y,-,-,Y,-,-,-,-,-,-,-,-,-,-,-,-,Y,-,C,-,-,-,Y,-,-,-,-,-,T,-,-,-,-,-,-,-,Y,-,-,-,-,-,-,-,-,C,C,-,C,C,C,C,-,C,-,C,C
"1,9958226,1,T/C",Y,T,Y,T,Y,Y,Y,Y,Y,-,-,Y,-,Y,Y,Y,Y,-,Y,Y,Y,Y,Y,Y,Y,Y,Y,Y,Y,Y,Y,Y,-,Y,Y,Y,Y,Y,-,-,Y,Y,T,T,T,T,T,T,T,T,T,T,T,T,T,T,T
"1,11109449,1,A/G",-,A,-,-,R,-,-,R,-,G,R,-,R,R,G,R,R,-,R,R,-,-,-,R,-,R,-,-,R,-,-,R,R,G,-,-,R,R,R,-,-,A,-,-,-,A,A,A,A,-,A,A,-,A,-,-,A
"1,12627344,1,C/T",Y,-,Y,Y,T,-,Y,Y,Y,Y,-,-,T,-,-,-,-,Y,-,Y,Y,Y,Y,-,Y,Y,C,-,Y,Y,Y,-,-,Y,-,-,-,-,Y,C,-,T,Y,-,-,C,C,C,C,C,C,C,C,C,C,C,C
"1,12776317,1,C/T",-,-,-,Y,C,C,C,C,C,C,C,Y,Y,C,C,-,Y,-,C,C,-,-,-,-,C,Y,-,-,C,-,-,Y,C,C,C,Y,Y,C,Y,-,C,-,C,C,C,-,C,C,C,C,C,-,C,C,-,C,-
"1,12842269,1,C/T",C,C,C,Y,C,C,-,C,C,C,C,C,-,C,C,C,C,C,C,C,Y,C,C,C,C,-,C,C,Y,Y,C,Y,C,-,C,-,C,C,Y,C,-,-,Y,-,C,C,C,-,C,C,C,-,C,C,C,C,-
"1,12842550,1,T/G",T,T,T,T,T,-,T,T,T,T,T,T,-,T,-,T,T,T,T,T,T,T,T,T,T,T,T,T,T,K,T,T,T,-,T,K,T,T,T,T,K,T,T,T,T,T,T,T,T,T,T,T,T,-,T,T,T
"1,12864760,1,C/G",C,-,C,C,C,-,-,C,-,-,C,C,C,C,S,C,C,C,C,C,C,C,C,-,-,C,C,C,-,-,C,-,-,-,-,S,C,C,-,C,C,S,C,C,C,C,C,C,C,C,-,C,-,C,C,-,-
"1,12864937,1,C/G",C,C,C,C,C,C,C,-,C,C,C,C,C,-,-,C,S,-,C,-,-,C,C,C,C,S,-,S,S,C,C,S,C,C,C,C,C,C,S,C,C,-,C,C,C,C,-,C,-,-,C,-,C,C,C,C,C
"1,12959093,1,G/A",-,G,G,G,R,-,G,G,G,G,G,G,G,G,G,G,G,G,G,-,R,G,G,G,G,R,G,G,G,G,G,-,G,G,G,G,-,G,R,G,-,-,G,-,G,G,G,-,G,G,G,G,-,G,G,G,G
"1,13320938,1,C/T",C,C,-,C,C,C,-,C,C,C,C,-,-,C,C,C,C,Y,C,-,-,C,-,-,-,Y,-,-,C,C,C,Y,C,C,C,C,-,C,-,C,C,Y,C,-,-,C,C,C,C,C,C,-,-,-,C,C,C
"1,13978987,1,G/C",G,-,-,G,G,-,-,G,-,-,-,S,-,-,-,-,-,-,G,-,-,S,-,-,-,G,-,G,-,-,G,S,-,G,G,G,-,G,G,G,-,-,G,G,-,G,G,-,G,G,-,G,G,G,-,-,G
"1,24160780,1,G/C",-,-,-,-,-,-,G,G,G,-,-,G,G,G,G,G,G,-,G,S,G,-,G,S,G,G,G,G,G,S,G,S,-,G,G,-,G,G,G,G,-,-,G,G,G,G,G,G,G,-,-,G,G,G,G,-,G
"1,28177652,1,A/C",A,-,-,-,A,A,A,-,-,-,-,A,-,A,-,-,-,-,A,-,-,-,M,-,M,-,-,A,-,-,M,-,-,-,-,-,-,-,-,-,-,-,A,-,A,-,A,-,A,A,A,A,A,-,-,-,A
"1,39595619,1,A/T",A,-,-,-,-,-,-,-,-,-,A,A,A,-,-,-,-,A,-,-,-,A,-,-,W,A,-,-,-,A,A,-,-,-,-,-,A,-,W,W,W,-,-,-,-,A,-,A,A,A,-,A,-,A,-,-,A
"1,47173844,1,C/G",S,-,S,-,-,C,S,S,C,G,C,C,C,S,-,C,C,-,C,C,-,-,-,-,-,S,S,C,S,-,C,C,-,G,-,C,S,C,-,C,C,-,C,-,C,C,C,C,C,C,-,C,-,C,-,-,C
"1,57310693,1,G/A",R,-,-,-,-,-,-,-,R,-,G,-,-,G,-,-,-,-,G,-,G,G,G,G,G,G,R,G,G,G,-,-,G,G,-,-,G,G,G,G,R,-,-,-,G,G,-,-,G,G,G,G,-,-,G,G,G
"1,62505168,1,C/T",-,-,-,-,Y,-,-,-,-,-,-,-,T,-,-,-,-,-,-,-,-,-,-,T,-,-,-,-,-,-,-,-,-,-,-,-,Y,-,-,-,-,-,-,-,-,C,C,C,C,-,-,C,-,-,C,-,-
"1,74945359,1,G/A",G,-,-,-,-,-,-,-,-,-,G,-,G,-,-,G,-,G,-,G,-,-,G,G,R,-,-,G,G,-,G,-,-,-,R,R,-,-,-,-,-,-,-,-,-,G,-,G,G,G,G,-,-,G,-,G,G
"1,84121216,1,G/C",S,-,-,C,-,-,-,G,S,-,-,-,-,C,-,S,S,S,-,S,C,-,S,S,S,-,S,S,-,-,-,-,S,C,-,S,S,C,S,-,C,C,G,S,-,G,G,-,G,G,-,G,-,-,-,G,G
"1,85267306,1,G/A",G,-,-,-,-,-,-,-,A,-,-,-,-,-,-,R,-,A,A,-,-,-,A,-,-,R,-,R,-,-,-,-,-,G,-,-,R,-,-,G,-,-,-,-,-,-,G,G,G,G,-,-,-,G,G,-,G
"1,109279013,1,G/A",-,-,R,G,-,G,R,-,A,A,R,-,A,R,R,-,A,R,R,R,-,R,-,-,-,R,G,-,G,-,-,-,-,-,-,-,-,R,R,-,-,-,-,-,-,G,G,G,G,G,G,G,G,-,-,G,G
"1,110102794,1,C/T",Y,-,-,T,Y,-,Y,-,-,-,-,-,-,-,T,Y,-,-,T,Y,-,-,-,-,-,-,-,-,-,-,-,Y,Y,-,-,T,-,-,Y,Y,-,-,C,C,-,C,C,C,C,C,C,C,-,C,C,-,C
"1,115402998,1,G/C",S,G,G,-,S,-,G,G,-,-,G,S,G,G,-,G,-,-,-,S,-,G,-,-,-,G,G,-,-,-,-,S,G,G,G,-,-,S,S,-,-,-,G,-,-,G,G,G,G,G,G,G,G,-,G,G,G
"1,120641362,1,T/C",T,T,T,T,T,T,T,T,T,-,-,T,T,T,T,T,T,T,T,T,T,T,Y,-,T,T,Y,T,T,T,T,T,-,T,T,T,T,T,Y,T,T,T,T,T,T,T,T,T,T,-,T,T,-,T,T,-,-
"1,143568174,1,T/C",Y,-,Y,T,-,-,-,T,-,Y,Y,T,Y,Y,-,-,-,-,T,-,Y,-,-,Y,T,-,Y,-,T,-,-,-,-,Y,T,-,T,T,-,Y,Y,T,Y,-,Y,-,T,-,-,T,T,T,T,T,-,-,T
"1,143568353,1,T/C",-,-,-,T,T,T,-,T,-,T,-,T,Y,T,T,T,Y,-,Y,T,T,T,-,Y,T,T,T,T,T,T,T,T,-,T,T,T,T,T,T,-,Y,-,Y,-,-,T,T,T,T,T,-,T,T,T,-,-,-
"1,143568446,1,T/C",T,-,Y,-,-,-,T,-,-,T,-,-,-,T,-,-,T,-,T,-,-,-,-,Y,-,T,T,-,-,-,-,Y,-,-,-,-,T,-,Y,-,-,-,-,-,-,T,-,T,T,T,-,T,T,T,-,-,T
"1,143960168,1,A/G",A,A,A,A,-,-,-,A,A,A,A,-,-,-,A,R,A,A,R,A,A,A,A,A,A,R,A,-,A,A,A,A,-,R,-,A,A,A,A,R,-,-,A,-,-,-,A,-,-,A,A,-,A,A,A,-,-
"1,143984421,1,C/A",-,-,-,-,C,-,-,C,-,C,-,-,-,-,C,C,C,C,C,C,C,C,-,-,-,M,-,C,C,M,-,-,-,-,C,-,-,C,M,C,C,-,M,-,-,C,C,C,C,-,-,-,C,C,C,C,-
"1,143992575,1,G/T",G,-,G,-,-,-,G,G,G,G,-,-,G,-,-,-,G,-,G,G,G,G,G,-,-,K,-,G,G,K,-,-,G,-,G,G,G,G,K,G,G,-,-,-,-,G,G,G,G,-,-,G,G,G,G,G,-
"1,144768777,1,G/A",-,G,G,G,G,-,-,G,R,G,R,G,R,-,R,R,-,G,R,-,G,-,R,G,-,R,G,G,R,R,-,R,G,-,R,G,G,G,G,R,G,G,G,G,G,G,G,G,G,G,G,-,G,G,G,G,-
"1,146047255,1,C/T",-,C,-,C,C,-,C,C,C,C,-,-,C,C,C,C,-,C,C,C,C,Y,-,C,C,C,C,Y,C,C,C,C,-,Y,C,C,C,C,C,C,C,-,C,-,C,C,C,-,C,C,C,-,-,C,C,-,-
"1,146421992,1,T/C",-,T,T,-,T,T,-,T,T,T,T,Y,T,-,-,T,-,-,T,Y,-,-,T,-,T,Y,T,T,T,T,T,T,-,-,-,-,T,-,T,T,Y,T,-,T,T,T,T,T,T,-,T,-,T,T,-,-,-
"1,146422002,1,A/G",-,-,-,-,-,-,-,-,A,-,-,-,A,-,-,A,-,-,-,-,-,-,-,-,A,R,-,-,-,-,-,A,-,-,-,-,-,R,-,A,R,-,-,-,-,A,A,A,A,-,A,-,A,A,-,-,A
"1,146471940,1,A/G",-,A,A,A,A,A,A,A,A,A,A,A,A,A,R,A,A,A,A,R,-,A,R,-,-,A,A,-,A,-,-,A,A,A,R,A,-,A,A,A,A,A,A,A,A,A,A,A,A,A,A,A,A,A,A,A,-
"1,146476010,1,T/C",-,-,-,-,T,T,T,T,T,T,T,T,Y,T,T,T,-,T,Y,-,T,T,Y,Y,T,-,T,T,T,T,T,T,T,T,Y,T,Y,T,T,T,Y,-,Y,T,-,T,T,T,T,T,T,T,T,T,T,T,-
"1,146476197,1,T/C",T,-,T,-,-,-,T,T,T,-,T,-,T,T,T,T,-,T,Y,T,-,T,T,Y,T,-,T,-,T,T,T,T,T,-,Y,T,Y,Y,T,T,Y,-,Y,Y,-,T,T,T,T,-,T,T,T,T,-,T,-
"1,146479283,1,G/C",-,G,G,G,G,-,-,G,G,G,G,G,S,G,G,S,G,G,G,G,G,G,G,-,G,S,G,G,G,G,G,-,G,G,G,G,G,-,G,G,G,G,G,G,G,G,G,-,G,G,G,G,G,G,-,-,-
"1,146479343,1,G/C",-,G,G,G,G,G,-,-,G,-,G,-,S,S,G,G,G,G,-,G,G,G,G,S,G,S,-,-,-,G,G,S,G,G,G,-,G,-,G,G,S,G,G,G,G,G,G,-,-,G,G,-,G,G,-,-,-
"1,146481299,1,A/T",-,A,A,A,A,-,A,A,-,-,A,-,W,A,-,A,-,A,W,A,-,A,A,A,A,W,-,-,A,A,A,W,A,W,-,A,A,A,A,A,A,A,A,A,-,A,-,A,A,A,A,A,A,A,-,-,-
"1,146481561,1,T/G",-,T,T,K,T,-,T,T,-,-,T,T,K,T,T,T,T,T,T,T,-,T,-,-,T,T,T,T,T,-,T,-,T,T,T,T,T,-,T,T,K,T,-,T,T,T,-,-,T,T,-,T,T,T,-,T,-
"1,146482895,1,C/A",-,C,C,-,C,-,C,C,C,-,C,-,-,C,M,C,-,C,-,C,-,C,M,C,C,C,-,C,C,C,C,M,-,-,-,C,C,M,C,-,M,C,C,C,C,C,C,C,C,C,-,C,C,C,-,-,-
"1,146482923,1,G/T",-,-,G,-,-,-,G,-,-,-,-,-,G,G,G,G,G,G,G,K,-,G,G,-,-,G,-,-,G,G,-,-,G,-,-,G,-,G,G,G,G,K,K,G,-,G,G,G,G,G,-,-,G,G,G,-,-
"1,146483187,1,G/A",-,-,G,-,R,-,-,-,-,-,G,-,G,-,R,G,G,G,-,R,-,R,-,G,G,G,-,-,G,-,-,G,G,-,-,G,R,R,-,G,G,G,G,G,-,G,G,G,G,-,-,-,G,G,-,-,-
"1,146490042,1,G/A",-,G,G,-,G,-,G,G,G,R,G,-,R,G,R,-,G,G,R,G,-,G,R,G,G,R,-,G,G,G,G,-,G,-,R,G,-,-,G,G,R,G,G,G,G,G,G,G,G,G,-,G,-,G,G,-,-
"1,146492310,1,G/A",-,-,G,G,G,-,-,-,-,-,G,G,G,G,-,G,-,G,-,G,-,-,-,G,-,G,G,R,G,-,-,-,G,G,R,-,G,-,-,G,G,R,G,G,-,G,G,G,G,-,G,G,G,G,G,G,-
"1,146492327,1,C/T",-,-,C,-,-,-,-,C,C,-,C,-,-,C,-,C,-,C,-,C,-,-,-,Y,C,C,C,-,-,Y,C,-,-,-,Y,-,Y,C,Y,-,-,C,-,-,-,C,C,C,C,C,C,C,C,C,C,C,-
"1,146492405,1,G/C",-,G,G,-,-,-,G,G,-,-,G,-,G,G,S,G,S,S,G,S,G,G,G,S,G,G,G,S,G,S,-,G,-,G,-,G,S,G,S,S,G,G,G,-,G,G,G,G,G,G,G,G,G,G,G,G,-
"1,146492414,1,T/C",-,T,T,-,T,T,T,T,T,T,T,T,T,T,Y,T,Y,Y,T,-,T,-,T,T,-,T,T,Y,T,T,T,T,T,-,T,T,-,T,T,Y,-,T,T,-,T,T,T,T,T,T,T,T,T,T,T,T,-
"1,146492439,1,C/A",-,-,-,-,-,-,C,-,C,-,C,-,-,C,-,-,-,-,M,C,-,C,C,M,C,-,-,M,-,-,C,-,-,-,M,-,-,C,C,M,-,-,C,C,C,C,C,C,C,C,C,C,C,C,C,C,-
"1,146492510,1,G/A",-,-,-,-,R,-,-,G,R,R,G,R,G,G,R,G,-,-,G,R,-,-,-,-,-,G,-,-,-,-,R,-,R,-,-,-,-,G,-,-,G,-,-,G,G,G,-,G,G,-,G,G,G,G,G,G,-
"1,146492547,1,G/C",-,S,G,-,S,-,G,-,S,S,S,-,S,-,G,G,-,G,-,-,-,G,G,-,G,G,G,G,-,G,-,G,-,-,S,S,-,G,-,S,G,-,-,G,G,G,G,G,-,-,G,G,-,G,-,-,-
"1,146846296,1,A/T",-,A,-,-,A,A,-,-,W,-,-,A,-,A,A,A,W,A,W,W,-,A,-,W,A,A,A,A,A,A,A,A,-,A,A,-,A,A,W,A,A,-,A,A,A,A,A,A,-,-,A,A,-,A,A,-,-
"1,146849105,1,A/G",-,R,A,A,A,A,-,A,R,A,A,A,A,-,A,A,R,A,A,A,A,R,A,A,A,A,A,A,A,-,A,A,A,A,R,-,-,A,A,A,A,-,R,A,A,A,A,A,A,A,-,-,A,A,A,A,-
"1,146855515,1,C/T",-,C,C,C,Y,C,Y,Y,Y,Y,C,C,C,Y,Y,C,C,C,C,C,C,Y,Y,C,-,C,C,Y,-,Y,Y,C,-,Y,Y,Y,-,Y,Y,-,C,-,-,-,Y,C,C,C,-,-,C,-,C,C,C,-,-
"1,147021475,1,C/G",-,C,C,S,C,C,-,C,C,C,C,C,S,C,-,-,C,C,C,C,C,C,C,C,C,S,C,C,C,C,C,C,C,C,C,-,C,-,C,C,C,C,C,-,C,C,C,-,C,C,C,C,C,C,C,C,-
"1,147023148,1,A/T",-,A,A,A,A,A,A,A,A,A,A,A,A,-,-,A,A,A,A,A,A,A,A,-,-,A,W,A,A,-,A,W,A,A,A,A,-,A,A,A,A,A,W,A,-,A,A,A,A,A,A,-,A,A,A,-,-
"1,150453501,1,C/G",-,-,C,C,C,C,C,-,-,C,-,-,C,C,C,C,S,-,C,C,C,C,C,S,C,C,C,C,-,S,-,S,C,C,S,C,C,C,C,C,-,-,-,-,C,-,C,-,C,C,C,C,C,-,-,-,-
"1,150547315,1,A/T",A,A,A,A,-,A,A,A,-,A,A,-,A,A,W,A,A,A,A,-,-,A,-,A,A,A,-,A,-,A,A,A,A,W,A,A,A,A,-,W,A,A,A,-,-,A,A,A,A,A,A,A,A,A,A,-,A
"1,150551918,1,T/C",T,Y,Y,Y,-,-,T,T,T,T,T,T,T,T,T,T,T,T,T,T,-,T,T,T,T,T,-,T,T,T,T,T,T,T,T,-,T,T,T,T,T,T,T,T,T,T,T,T,T,T,T,T,-,T,T,-,T
"1,152241066,1,G/C",S,-,G,-,S,-,G,G,-,-,G,G,G,G,G,-,-,-,S,S,S,-,G,G,G,G,G,S,G,G,G,S,-,S,G,G,-,S,-,-,-,-,G,G,G,G,G,G,G,G,G,G,-,G,G,G,G
"1,157437420,1,C/T",-,-,-,Y,Y,-,Y,Y,-,-,-,-,-,-,-,-,-,-,-,-,-,-,-,-,-,-,-,-,-,-,-,-,-,-,-,-,-,-,-,-,-,-,-,Y,-,C,C,-,C,C,C,C,-,-,C,C,-
"1,159450715,1,A/G",A,-,-,-,-,-,R,-,-,-,-,-,-,-,-,-,-,-,-,-,-,-,-,-,-,-,-,R,-,-,-,-,-,-,-,-,-,-,-,-,-,A,-,R,-,A,-,A,A,A,A,-,-,-,-,A,A
"1,159750347,1,G/A",G,G,G,G,-,G,R,-,G,-,-,G,-,G,G,G,R,R,-,R,-,R,-,G,-,-,G,R,R,-,R,R,G,-,-,-,G,G,R,-,R,G,G,G,G,G,-,G,-,G,G,-,G,-,-,G,G
"1,159784910,1,C/T",C,-,C,-,C,C,C,C,C,C,-,C,-,C,C,C,C,C,C,C,C,C,C,Y,C,C,C,C,C,C,C,C,C,C,Y,C,C,C,Y,C,C,C,-,C,C,C,C,C,C,C,C,C,C,C,-,C,C
"1,161040020,1,G/A",-,-,G,-,-,-,G,-,G,G,G,R,-,R,-,-,-,-,-,G,-,-,-,-,R,R,-,G,-,R,-,-,R,-,R,-,G,-,G,G,-,-,-,-,-,G,G,G,G,-,-,G,G,G,G,-,G
"1,174411783,1,A/G",A,-,A,-,-,-,-,-,A,-,-,A,A,A,A,-,A,-,A,A,-,-,A,-,A,A,-,-,-,-,A,A,A,-,R,-,-,A,R,-,R,-,-,-,-,A,A,A,A,A,A,A,-,A,-,A,A
"1,175400230,1,G/T",K,-,K,-,-,-,-,-,-,G,K,-,-,-,K,K,-,K,-,G,-,-,K,-,K,-,K,K,-,K,K,K,-,-,K,K,-,K,K,K,-,G,-,-,-,G,G,G,G,-,G,-,-,G,-,G,G
"1,179061077,1,T/C",T,-,-,-,-,T,-,T,Y,Y,T,-,T,T,T,T,T,-,T,T,-,T,T,Y,T,T,T,T,-,T,T,T,-,T,T,T,T,-,T,T,-,-,-,-,-,T,T,T,-,T,T,T,-,T,T,T,T
"1,184593385,1,A/C",A,-,-,-,A,-,-,-,-,-,-,M,-,-,-,-,-,-,-,A,-,M,A,A,M,A,A,-,-,A,-,A,-,M,-,A,-,A,-,-,-,-,-,-,-,A,-,-,A,A,A,-,A,-,-,A,A
"1,194979200,1,T/C",Y,-,-,-,T,T,T,T,-,T,-,Y,Y,T,Y,T,Y,T,Y,Y,Y,T,T,Y,-,Y,T,-,Y,T,T,T,-,Y,T,Y,Y,-,Y,T,-,T,T,-,-,T,T,T,T,T,T,T,-,T,T,T,T
"1,195185281,1,A/G",A,-,-,A,-,-,-,-,A,A,A,-,R,A,A,A,-,-,A,R,A,R,A,A,A,A,A,-,-,A,A,-,-,A,A,-,-,A,-,A,-,-,A,-,-,A,A,A,-,A,A,A,A,A,A,A,A
"1,200981876,1,T/A",T,-,-,-,-,-,-,T,T,T,-,T,-,T,T,-,-,T,T,T,T,-,T,-,-,W,-,T,-,T,T,-,W,T,T,-,-,-,T,T,W,-,T,-,-,T,T,T,T,-,-,T,-,T,T,-,T
"1,202088119,1,T/C",T,-,T,-,-,-,-,-,T,-,-,-,-,T,-,-,T,-,-,-,-,Y,T,Y,T,-,T,T,T,-,-,-,-,Y,T,-,-,-,T,-,T,T,-,-,-,T,T,T,T,-,-,T,-,T,-,-,T
"1,202500837,1,C/T",Y,C,C,-,C,-,C,C,-,C,C,-,-,-,-,-,-,C,Y,C,-,-,C,Y,-,-,-,C,-,-,C,-,-,-,C,-,-,C,-,-,C,-,Y,-,-,-,-,-,-,C,C,C,C,C,C,C,C
"1,204083641,1,C/T",Y,-,-,C,C,-,C,C,C,-,Y,-,C,-,-,-,Y,-,C,C,C,Y,-,C,C,C,C,-,-,-,C,Y,C,C,C,-,-,-,-,-,C,C,C,C,C,C,C,C,C,C,C,C,C,-,-,-,C
"1,204840327,1,C/T",Y,-,Y,Y,Y,-,Y,-,C,-,-,-,-,-,-,-,Y,-,-,-,-,-,C,-,-,-,-,Y,-,-,-,Y,Y,T,-,Y,-,Y,Y,C,-,-,Y,-,-,C,C,C,C,C,C,C,C,C,-,C,C
"1,207945884,1,C/T",-,-,C,-,-,-,-,-,C,-,Y,-,-,-,-,C,Y,-,-,-,-,-,C,-,C,-,-,C,-,-,C,C,C,-,Y,C,-,Y,-,-,-,-,-,-,-,C,C,C,C,C,C,C,-,-,C,C,C
"1,218422339,1,G/C",S,-,-,C,-,-,-,-,C,S,-,-,S,S,-,-,S,S,G,S,C,C,S,S,-,-,S,S,-,S,S,S,S,-,S,-,-,S,-,S,S,-,-,-,-,G,G,-,-,G,G,-,G,G,G,G,G
"1,218422423,1,G/A",-,-,-,A,-,-,-,R,A,-,-,-,-,R,-,-,-,R,-,R,A,A,-,R,-,-,R,-,R,-,R,R,-,-,-,-,-,-,-,R,R,-,-,-,-,-,-,-,-,G,G,-,G,G,G,G,G
"1,218422907,1,G/C",S,-,S,S,-,-,-,S,S,S,-,-,S,S,S,S,S,S,-,S,-,-,S,S,G,S,S,S,S,S,S,S,S,-,S,-,-,S,-,S,S,-,-,-,-,G,G,-,-,G,G,G,G,G,G,G,G
"1,232586075,1,C/T",-,-,-,-,-,-,-,-,-,-,-,-,Y,-,-,-,-,-,-,-,-,Y,Y,-,-,-,Y,-,-,-,-,Y,-,Y,-,-,-,-,-,-,-,-,-,-,-,-,C,C,-,C,C,C,-,-,C,-,-
"1,232660067,1,G/T",K,-,-,-,-,-,-,-,K,G,K,-,-,-,-,-,-,-,K,K,-,K,K,-,G,T,K,-,-,-,K,-,K,G,K,-,-,-,K,-,-,-,K,-,-,G,G,G,G,-,G,G,-,-,-,-,G
"1,246503548,1,A/G",A,A,A,-,-,A,A,A,A,-,R,R,-,-,-,A,R,A,A,A,-,R,R,A,A,A,-,A,-,A,A,R,-,R,A,R,A,-,A,A,-,R,A,A,A,-,A,-,A,A,A,A,A,-,-,A,A
"1,246703822,1,T/C",T,T,-,-,T,T,-,-,T,-,T,T,T,Y,T,T,T,Y,T,T,-,Y,-,T,T,T,T,-,T,T,Y,Y,-,-,T,T,-,T,T,Y,-,T,T,T,T,T,-,T,T,T,-,-,T,T,T,-,T
"1,246704014,1,C/T",C,C,-,-,-,-,-,-,C,C,C,C,C,Y,C,Y,Y,C,-,C,C,-,Y,C,C,C,C,-,C,-,Y,Y,Y,-,Y,C,Y,C,-,Y,-,C,-,C,-,C,C,-,C,C,-,C,-,C,C,C,C
"1,246879915,1,T/C",Y,Y,-,-,-,-,-,-,-,T,T,-,T,T,T,-,-,T,T,T,-,T,-,-,-,T,T,Y,-,T,T,T,T,T,Y,-,T,T,-,T,-,-,T,-,-,T,T,T,T,-,-,-,T,T,T,T,-
"2,9505952,1,C/T",Y,-,-,-,-,-,-,-,-,-,-,-,-,C,-,C,C,-,-,C,-,Y,-,-,-,-,C,-,-,-,-,-,Y,-,-,-,C,-,C,T,-,-,-,-,-,C,C,C,C,C,-,C,C,C,-,-,C
"2,24047657,1,G/A",G,-,R,G,-,-,-,R,G,G,-,-,R,R,A,-,-,-,-,-,-,-,-,R,-,-,R,-,-,-,R,-,-,R,-,-,-,-,-,-,-,R,-,-,-,G,G,-,G,G,G,G,G,G,G,G,G
"2,27319904,1,C/T",C,-,Y,T,-,-,-,-,-,-,-,-,-,-,-,-,-,-,-,-,-,T,-,-,-,-,-,-,-,-,-,-,-,-,-,-,-,-,-,-,-,-,C,-,-,C,C,C,C,C,-,-,-,-,C,C,C
"2,38887207,1,G/A",-,-,R,-,R,A,-,R,R,-,R,R,R,-,R,R,R,R,R,R,G,A,R,-,R,R,R,R,R,R,R,R,R,R,R,R,R,R,R,-,G,-,-,R,A,G,G,G,G,-,G,G,G,G,G,G,G
"2,69901238,1,C/G",S,S,S,-,S,S,-,-,-,G,G,-,S,-,S,-,-,-,S,-,-,-,S,-,S,-,-,S,S,S,S,S,-,-,S,-,G,S,-,S,-,S,S,-,S,C,C,-,C,-,C,C,C,C,C,C,C
"2,86197673,1,C/A",-,M,M,-,M,-,-,C,-,-,-,-,M,-,C,M,-,-,-,-,M,C,M,M,A,-,M,-,M,C,M,M,M,M,-,-,M,C,A,M,M,-,-,M,-,C,C,-,C,C,C,C,-,-,C,C,C
"2,87864812,1,T/C",-,T,-,-,T,-,T,T,-,-,-,-,-,-,T,Y,-,T,-,-,T,Y,T,-,-,Y,T,T,Y,-,-,T,T,-,T,-,T,T,-,T,-,-,-,-,-,T,-,T,T,-,T,-,-,-,T,T,-
"2,87864876,1,T/C",-,Y,-,-,-,-,-,Y,-,-,-,T,Y,Y,T,Y,-,T,Y,Y,-,Y,-,Y,C,Y,T,-,Y,-,Y,-,T,-,-,Y,-,T,Y,-,Y,-,-,-,-,T,-,T,T,-,T,-,T,-,T,T,-
"2,94906164,1,C/G",-,C,S,C,S,-,C,C,-,-,-,-,-,-,C,-,-,-,-,C,-,-,-,-,-,-,C,-,-,C,-,-,-,-,C,-,C,C,S,-,-,-,C,C,C,C,C,C,C,C,C,C,C,-,C,C,-
"2,99373336,1,T/A",T,-,-,-,-,-,-,T,T,-,-,-,-,-,-,T,W,W,T,-,-,-,T,T,W,T,-,T,T,-,-,-,T,-,-,-,T,T,-,-,-,-,-,-,-,T,T,T,T,T,T,T,T,T,T,T,T
"2,99445587,1,T/A",T,-,T,-,-,-,T,T,T,W,-,-,T,-,T,W,W,T,T,T,-,-,T,-,T,-,T,-,-,-,W,T,T,T,-,T,-,-,-,T,W,-,-,-,-,T,T,T,-,T,-,-,T,T,T,-,T
"2,102008990,1,G/T",G,-,G,-,-,-,-,-,-,G,-,G,-,-,G,G,-,-,-,K,-,-,G,G,-,G,G,-,G,-,-,G,G,-,G,K,-,-,-,G,K,G,-,-,-,-,G,G,G,G,-,G,-,G,-,-,G
"2,134818924,1,A/T",-,A,-,-,A,-,-,A,W,-,W,-,-,-,W,-,-,W,-,-,-,-,W,-,-,-,A,-,-,-,A,-,-,-,-,A,-,A,-,-,-,-,W,-,-,A,-,A,A,-,A,A,-,A,-,-,A
"2,165510239,1,A/T",-,-,-,-,-,-,-,-,-,-,T,-,-,W,-,-,-,-,-,-,-,-,-,-,-,-,-,-,-,-,-,-,W,-,-,-,-,-,-,-,-,-,-,-,-,A,-,-,-,A,A,-,-,A,A,A,A
"2,169857282,1,A/T",-,-,-,-,-,-,-,-,-,-,-,-,-,-,-,-,W,-,-,-,-,-,-,-,-,-,-,-,-,-,W,-,W,-,-,-,-,-,-,-,-,-,-,-,-,-,-,A,-,A,-,A,-,A,A,A,-
"2,178958409,1,T/C",T,-,-,-,-,-,-,-,-,-,-,-,-,T,-,-,-,Y,-,Y,-,T,-,-,-,-,T,-,T,-,T,-,Y,-,T,T,-,-,-,-,-,-,-,-,-,T,T,T,-,-,-,T,T,-,T,-,T
"2,178958410,1,T/C",T,-,-,-,-,-,-,-,-,-,-,-,-,-,-,-,-,-,T,-,Y,T,-,-,-,-,T,Y,-,-,-,-,Y,-,-,-,-,-,Y,-,-,-,-,-,-,T,T,T,-,-,-,T,T,-,T,-,T
"2,197973698,1,C/T",-,-,Y,-,-,-,-,-,Y,-,-,Y,Y,Y,-,-,-,C,-,Y,Y,-,-,-,-,-,Y,Y,-,-,C,Y,C,-,Y,Y,Y,Y,-,-,-,Y,-,-,-,C,C,C,C,C,C,C,C,C,-,C,C
"2,202053066,1,T/C",T,T,-,T,-,-,T,T,-,T,T,T,Y,T,Y,T,T,-,T,T,-,T,T,-,T,-,-,T,-,-,T,T,-,T,T,-,T,-,Y,T,-,-,-,-,-,T,T,T,T,T,T,T,-,T,T,T,T
"2,219032824,1,C/T",Y,-,-,-,T,-,-,-,T,-,-,-,-,C,-,-,-,-,-,T,-,-,Y,C,-,-,-,Y,C,C,Y,T,C,-,-,-,-,T,-,-,-,-,-,-,-,C,C,C,C,C,-,C,C,C,C,C,C
"2,230775638,1,G/A",R,-,-,A,-,-,A,-,A,-,-,-,A,A,A,A,A,A,A,A,-,-,A,A,A,A,R,A,-,-,-,A,A,R,A,A,-,A,A,A,-,-,A,-,-,G,G,-,G,G,G,-,G,G,G,-,G
"2,237914310,1,C/G",S,-,-,-,-,-,G,-,-,-,-,-,-,-,-,-,C,-,-,-,-,G,-,G,-,-,-,-,-,-,-,-,-,-,-,-,S,-,-,-,-,-,-,-,-,C,-,C,-,C,-,C,-,C,-,C,C
"2,241683945,1,T/C",-,-,-,-,-,Y,-,-,-,-,-,-,-,-,-,-,-,-,-,-,-,-,-,-,-,-,-,-,Y,-,-,-,-,-,T,-,-,-,-,Y,-,-,Y,-,-,T,T,T,T,T,T,T,-,T,-,-,T
"3,14460314,1,C/G",-,-,-,C,-,-,C,C,C,-,-,-,-,-,-,-,C,-,-,-,C,-,-,S,-,-,C,-,-,S,-,S,-,-,-,-,-,-,-,-,-,-,-,-,C,C,C,C,-,-,-,C,-,C,-,C,C
"3,31700679,1,A/G",-,-,-,-,A,-,A,A,-,-,-,-,-,-,A,-,-,-,A,A,-,-,-,-,R,-,-,-,A,-,-,-,-,-,-,-,-,-,R,-,-,-,R,-,-,-,A,-,A,A,A,-,-,A,A,-,A
"3,39428519,1,A/G",R,-,-,-,-,A,A,A,A,A,-,-,-,A,A,R,R,-,R,A,-,R,-,-,-,A,A,-,A,A,R,R,R,A,-,R,R,-,-,R,A,-,-,-,-,A,-,-,A,A,-,A,-,A,A,A,A
"3,44738567,1,G/C",S,-,S,C,G,-,C,S,-,-,-,-,-,C,C,-,-,-,-,G,-,-,-,-,-,-,S,-,S,-,-,G,-,-,-,G,-,G,G,-,-,C,G,-,G,G,G,G,G,G,G,G,G,G,G,-,G
"3,44738927,1,G/C",S,-,S,C,G,-,C,S,G,-,-,-,-,C,C,-,G,-,-,G,-,-,-,-,-,C,S,-,S,-,-,-,-,G,-,G,-,G,G,G,-,C,G,-,-,G,G,G,G,G,G,G,-,G,G,-,G
"3,49296977,1,C/T",Y,Y,Y,-,Y,-,-,Y,-,-,-,Y,-,-,-,-,Y,-,T,-,-,-,Y,-,-,-,-,Y,-,Y,T,-,Y,-,-,Y,-,-,Y,-,T,-,Y,T,-,C,C,C,C,-,C,C,-,-,-,C,C
"3,52786731,1,C/T",Y,-,T,-,-,T,T,T,Y,-,-,-,-,-,-,-,-,-,Y,Y,-,T,-,T,-,-,Y,T,-,-,-,C,-,-,T,T,-,Y,-,T,-,-,-,-,Y,C,C,-,C,C,-,C,-,C,-,-,C
"3,52788129,1,C/T",Y,-,T,-,-,T,T,-,Y,-,-,-,-,-,-,-,-,-,Y,Y,-,T,-,T,-,-,Y,T,-,-,C,C,-,Y,-,-,-,Y,-,T,T,T,Y,-,Y,C,C,-,C,C,-,-,-,C,C,-,C
"3,62179493,1,G/C",S,G,-,-,G,-,-,S,-,-,-,-,-,-,-,-,-,-,G,-,-,-,G,-,S,-,-,-,-,-,-,-,-,-,-,-,-,-,-,G,-,-,S,-,-,G,-,G,G,G,G,G,-,-,G,G,G
"3,75762696,1,T/C",Y,-,-,T,-,-,T,-,T,-,Y,-,-,Y,Y,-,-,-,-,T,-,-,-,-,-,-,-,-,-,T,-,Y,-,-,Y,-,Y,Y,-,-,-,T,T,-,-,T,T,T,T,T,-,T,T,-,T,T,-
"3,75762775,1,G/A",G,-,-,G,-,G,R,-,-,-,-,-,-,-,-,-,-,-,-,R,-,-,-,-,-,-,-,-,-,R,-,-,R,-,-,-,R,-,R,-,-,-,-,-,-,G,G,G,G,G,G,-,G,G,-,G,G
"3,99334688,1,A/C",A,-,-,-,-,-,A,-,-,-,-,A,A,-,A,M,A,-,A,-,A,-,M,M,A,-,A,-,-,A,-,M,-,-,-,-,A,-,A,A,A,-,A,-,-,A,-,A,A,A,A,-,A,A,-,-,A
"3,109809740,1,T/C",T,-,-,-,-,-,-,-,-,-,-,-,Y,T,-,-,-,-,-,T,-,T,-,-,-,Y,-,-,Y,-,T,Y,T,-,-,Y,-,-,T,-,-,-,-,-,-,T,T,-,T,T,-,-,-,-,T,T,T
"3,115132228,1,C/A",M,-,-,M,-,-,M,M,-,-,C,-,-,-,M,-,-,-,C,C,-,-,M,M,-,-,-,-,M,-,M,-,C,-,C,C,M,M,-,-,-,-,-,-,-,C,C,C,C,C,C,C,-,-,C,-,C
"3,120392545,1,G/C",S,C,-,-,C,-,-,S,-,-,-,-,-,-,S,-,G,S,S,S,S,-,S,S,S,-,-,-,-,-,S,-,G,-,S,C,S,-,-,-,-,C,-,-,C,G,G,G,-,G,G,-,-,G,-,-,G
"3,120933910,1,T/A",W,-,-,A,W,A,-,-,W,-,W,W,W,-,W,W,W,T,W,W,-,A,W,W,W,W,W,W,W,-,W,W,W,W,W,T,W,W,W,W,-,-,W,-,-,T,T,T,-,T,T,T,T,T,T,-,T
"3,121911505,1,C/G",C,-,-,-,-,-,-,S,-,-,-,C,S,S,-,C,-,-,-,-,-,S,S,G,-,S,S,-,-,-,S,C,C,S,S,-,-,-,-,-,-,-,-,-,-,C,C,C,-,C,C,C,C,C,C,C,C
"3,122972132,1,A/C",A,-,A,-,-,-,-,-,-,A,A,-,A,M,-,A,-,M,-,-,-,M,-,-,-,-,A,-,-,-,-,-,A,A,-,A,-,-,-,-,-,A,-,-,-,A,A,A,A,A,A,A,-,-,A,-,-
"3,125678931,1,T/G",T,-,-,-,-,-,-,T,-,K,T,-,-,-,-,-,-,-,-,-,-,-,-,T,-,-,K,-,T,-,T,-,-,T,T,-,-,T,K,-,-,-,-,-,-,-,T,-,T,T,-,-,T,T,-,T,T
"3,130638090,1,C/G",S,S,G,-,-,-,S,-,S,-,S,S,S,S,S,S,S,-,S,S,-,S,S,S,G,-,-,S,S,S,S,S,S,-,S,-,S,S,S,C,-,-,S,G,-,C,C,C,C,C,-,C,-,C,-,C,C
"3,132669584,1,A/C",-,-,-,-,-,-,-,-,-,-,A,-,A,-,-,-,M,A,-,-,-,-,A,-,-,M,-,A,-,-,-,-,-,-,-,M,-,-,-,-,-,-,-,-,-,A,A,A,A,A,-,-,A,-,-,A,A
"3,133648838,1,A/T",A,-,-,-,-,-,-,-,-,-,-,-,W,W,-,-,-,-,-,A,-,-,A,-,-,-,W,-,-,-,-,-,-,A,-,W,-,-,W,-,A,-,-,-,-,A,A,A,A,A,A,A,A,A,A,A,A
"3,152399889,1,T/A",W,-,W,W,-,-,-,-,W,-,-,-,-,-,-,W,T,A,-,W,-,-,W,A,-,-,T,-,-,-,W,-,-,-,W,W,-,W,-,-,-,A,-,-,-,T,T,T,T,T,T,-,T,T,-,-,T
"3,159891787,1,C/A",C,-,-,-,-,-,-,M,C,M,-,-,-,-,-,-,-,C,-,-,-,-,C,-,C,-,-,-,C,-,-,-,-,C,-,-,-,M,-,-,C,-,-,-,-,C,-,C,C,C,-,C,-,-,-,C,C
"3,173543691,1,C/T",Y,-,-,-,-,-,-,-,-,-,-,-,-,-,-,T,-,-,-,-,-,Y,-,-,-,-,-,Y,-,-,-,-,-,T,-,-,-,Y,-,-,T,-,-,-,-,C,C,-,C,C,C,-,-,-,-,C,C
"3,187992143,1,G/A",-,-,-,-,-,-,-,R,-,-,-,-,-,-,-,-,G,-,-,-,-,-,G,-,R,R,-,-,G,G,-,-,R,-,-,-,-,-,-,R,-,-,R,-,-,G,G,-,G,G,G,G,-,G,G,G,G
"4,39183676,1,C/G",S,-,-,-,-,-,S,S,S,C,-,S,S,S,S,S,G,C,C,-,S,S,S,S,G,-,-,G,C,-,S,S,C,-,S,S,S,S,S,S,S,G,-,S,G,C,C,C,C,C,C,C,C,C,C,C,C
"4,39183688,1,C/A",M,-,A,-,-,M,-,M,-,-,M,-,M,-,-,-,A,-,-,-,M,M,-,M,A,-,-,-,-,A,M,M,-,-,M,M,M,M,-,M,M,A,-,-,-,C,C,C,C,C,C,C,C,C,C,C,C
"4,54021789,1,C/T",-,-,-,-,-,-,-,-,Y,-,-,C,C,-,-,C,-,-,-,-,C,-,-,Y,C,-,-,C,Y,-,-,-,-,-,C,C,-,-,C,-,-,-,-,-,-,C,C,-,-,C,C,-,C,C,-,C,C
"4,70104875,1,A/G",R,-,A,-,A,-,-,-,A,A,-,A,-,-,A,A,A,A,A,R,A,A,-,R,-,A,A,A,-,-,A,A,A,-,-,A,-,R,A,A,A,-,-,A,-,A,A,A,A,A,A,A,A,A,A,A,A
"4,70182978,1,A/G",-,-,-,-,-,-,A,-,A,-,R,A,-,A,A,A,A,-,-,-,-,A,A,A,-,A,A,R,-,-,R,-,A,A,A,A,A,-,-,A,A,A,-,-,-,-,A,-,A,-,A,A,A,A,A,A,A
"4,99519426,1,G/C",C,-,-,-,-,-,-,-,S,-,-,C,-,-,C,-,S,S,S,G,-,S,S,S,-,C,S,S,-,-,-,-,S,C,S,-,C,S,C,-,C,-,-,-,-,G,G,G,G,-,-,G,-,G,-,G,G
"4,99577106,1,A/T",A,-,-,-,-,-,-,-,-,-,-,-,-,-,A,-,A,A,-,W,-,-,A,A,-,-,-,-,A,A,W,-,-,-,A,-,-,-,W,-,-,-,-,-,-,A,-,-,A,-,-,A,A,A,A,A,A
"4,100761370,1,C/G",S,-,C,-,-,-,C,C,C,-,-,-,C,-,-,C,C,-,C,-,C,S,-,C,S,S,C,C,S,-,C,-,-,C,-,C,-,-,-,C,-,-,S,-,C,-,C,C,-,-,-,C,C,C,C,C,C
"4,104041702,1,A/C",A,-,A,-,-,-,A,-,A,A,A,A,A,A,A,A,A,A,A,A,A,A,A,A,-,A,A,A,A,-,A,M,A,A,A,A,A,M,M,M,-,-,-,-,A,-,A,-,-,A,-,A,A,A,A,A,A
"4,104046312,1,C/T",-,C,C,Y,-,-,-,-,Y,-,-,-,C,Y,C,C,Y,Y,-,-,C,C,C,C,-,Y,-,C,-,-,Y,-,Y,-,C,C,-,C,-,Y,-,-,-,-,-,C,-,-,C,C,C,C,C,C,C,-,-
"4,104089826,1,T/A",T,T,-,-,T,T,T,T,-,T,T,T,T,T,-,-,W,-,T,T,T,T,T,T,T,T,T,T,T,T,T,T,T,T,T,T,T,W,W,T,T,-,-,-,-,T,T,-,T,T,T,T,-,T,T,T,T
"4,110825853,1,A/T",A,-,A,-,-,-,A,A,-,-,-,-,A,A,-,-,A,-,A,-,A,A,-,-,-,A,W,W,A,-,-,-,W,W,-,-,-,-,A,-,W,-,-,-,-,-,-,-,-,A,-,A,A,A,A,A,A
"4,110854937,1,G/T",-,-,-,-,-,-,-,-,-,-,-,-,K,-,-,-,G,K,G,G,G,G,-,-,-,G,G,G,G,-,-,-,-,K,-,-,-,-,G,-,G,-,-,-,-,-,G,G,G,G,G,G,G,G,G,G,-
"4,119850753,1,G/C",S,-,-,-,S,-,-,-,S,-,-,S,-,G,-,G,G,-,S,G,C,-,G,G,-,-,G,S,-,-,S,-,-,-,G,S,G,-,S,-,-,-,-,-,G,G,G,-,G,G,-,G,G,G,-,G,G
"4,146278491,1,A/G",A,A,-,-,A,-,-,-,-,-,-,-,-,A,-,-,A,A,A,-,-,A,-,-,-,A,A,-,-,-,-,A,-,R,R,A,A,A,R,A,R,-,-,-,-,A,A,A,A,A,-,A,A,A,A,A,A
"4,155400131,1,A/C",A,-,-,-,A,-,-,A,A,-,-,-,-,A,-,-,M,-,-,A,-,-,-,-,-,-,-,-,-,M,-,A,-,A,M,-,-,-,A,-,M,-,-,A,-,A,A,A,A,A,A,-,-,A,-,A,A
"4,164612757,1,G/A",R,-,-,G,R,A,A,R,-,R,-,R,-,R,-,-,-,R,R,-,R,A,-,R,-,R,-,-,-,A,R,-,-,R,-,-,-,-,-,R,A,-,-,-,A,G,G,-,G,G,-,G,G,G,G,G,G
"4,170314419,1,A/G",A,-,-,-,-,-,-,-,A,R,-,-,-,R,-,-,-,-,-,-,R,-,-,-,-,A,-,A,-,-,-,-,-,R,A,-,-,R,-,-,-,-,-,-,-,A,-,-,A,A,-,A,A,A,A,-,A
"4,191110346,1,T/C",-,-,-,-,-,T,-,-,T,T,T,-,-,T,T,T,Y,T,T,-,T,Y,-,Y,-,T,T,T,-,Y,T,T,T,T,T,-,T,-,Y,Y,-,-,-,-,-,T,T,-,-,T,-,-,T,T,T,T,T
"4,191110361,1,A/T",-,-,-,-,-,-,-,-,-,-,-,-,-,A,A,-,-,A,A,-,-,-,-,-,-,-,A,-,W,W,A,-,-,-,-,-,-,-,W,-,-,-,-,-,-,A,A,-,A,A,-,-,A,A,A,A,-
"4,191115598,1,G/A",G,G,G,-,G,G,-,G,G,G,G,G,G,G,G,G,R,G,G,G,-,R,G,R,G,-,R,G,R,R,-,-,G,R,G,R,G,G,-,G,G,G,G,-,-,G,G,G,G,G,G,G,G,-,G,G,-
"4,191115602,1,G/A",G,-,-,-,-,-,-,-,-,G,-,G,-,G,-,G,G,G,-,G,R,G,G,G,G,R,G,-,G,G,G,G,G,G,G,R,-,G,-,G,-,-,-,-,-,G,G,G,G,G,G,G,G,G,G,G,G
"4,191115619,1,A/G",A,-,A,-,A,-,A,-,A,A,A,-,A,R,A,A,R,R,A,A,-,R,A,R,A,-,R,A,R,R,-,R,A,-,A,R,A,-,R,A,-,A,-,-,-,A,A,A,A,A,A,A,A,-,A,A,-
"4,191118875,1,G/A",G,G,G,G,-,G,-,G,-,G,G,R,-,G,G,G,R,G,G,-,G,G,G,G,G,G,R,G,G,-,R,R,G,G,G,G,G,G,R,G,G,-,G,G,G,G,G,G,G,G,G,G,G,G,G,G,G
"4,191118943,1,C/T",Y,C,-,-,C,C,-,-,-,Y,C,-,-,-,Y,Y,-,-,-,C,-,-,C,Y,-,-,Y,C,Y,C,Y,C,C,C,-,C,C,Y,C,Y,-,-,C,-,C,C,C,-,C,C,C,-,C,C,C,C,C
"4,191118950,1,A/G",-,-,-,-,-,-,-,-,R,R,A,-,R,-,-,R,A,R,R,R,A,A,-,R,R,R,R,-,R,A,R,A,R,A,R,A,-,R,A,-,-,-,A,-,-,A,A,-,A,-,A,A,A,A,A,A,A
"4,191118956,1,A/G",A,-,-,-,A,-,-,-,-,-,-,A,-,A,A,-,R,-,A,A,-,A,A,A,A,A,A,A,A,-,A,-,R,A,-,R,A,-,A,A,-,-,-,-,-,A,A,A,A,A,A,A,A,A,A,A,A
"4,191119953,1,A/T",A,A,A,-,A,-,A,A,A,A,A,A,-,A,A,A,W,A,A,-,-,W,A,W,-,-,A,A,-,W,A,-,A,W,A,A,A,-,A,A,A,-,A,-,-,A,A,-,A,A,A,-,A,-,A,A,A
"4,191119992,1,A/G",A,-,-,-,A,-,-,-,-,-,-,A,-,A,A,R,A,A,A,A,-,A,A,R,R,A,A,A,A,A,-,-,A,R,-,-,A,R,A,A,A,-,-,-,-,-,A,A,A,-,A,-,A,A,-,-,A
"4,191120001,1,A/G",A,-,-,-,A,-,-,-,A,A,-,-,A,A,-,-,-,-,A,-,-,R,A,R,-,-,A,A,R,R,-,A,-,R,A,A,-,A,A,-,-,-,-,-,-,-,A,-,A,-,A,-,A,A,A,A,A
"5,10455546,1,C/G",S,-,S,S,-,C,S,-,-,-,-,-,S,C,S,-,-,-,-,C,-,S,S,-,C,-,S,C,-,C,-,-,C,S,-,C,-,C,-,-,-,S,-,-,C,C,C,C,C,C,C,C,C,C,-,C,C
"5,23553687,1,G/C",S,S,-,S,-,-,-,S,S,C,S,S,S,-,S,-,C,S,-,S,-,S,S,S,S,-,-,G,C,C,S,S,-,S,S,S,S,-,S,-,-,-,G,S,S,G,-,-,G,G,G,G,G,G,-,-,G
"5,37036306,1,G/A",R,-,-,G,-,A,-,-,-,-,-,-,R,G,R,R,R,-,R,R,A,A,-,-,R,R,R,R,R,A,R,-,R,R,R,A,R,R,R,R,-,-,-,-,-,-,G,G,-,-,-,G,G,G,-,G,G
"5,38967603,1,G/C",-,-,-,-,C,-,-,-,-,G,-,-,-,-,-,-,C,-,-,-,S,-,-,C,-,-,S,-,-,C,C,-,-,-,-,-,-,-,-,-,-,-,-,-,-,G,G,G,G,-,-,G,-,G,-,-,G
"5,68436355,1,A/T",A,A,-,-,-,A,-,-,-,A,-,-,W,-,-,-,-,-,-,-,-,-,-,-,-,-,-,W,-,-,A,W,-,-,-,-,-,-,-,W,-,-,A,-,A,A,-,A,A,-,A,-,A,A,A,-,A
"5,68534650,1,C/T",T,-,-,-,-,Y,-,Y,-,T,-,-,-,Y,C,-,-,-,-,Y,Y,-,Y,-,-,-,-,C,-,Y,-,-,-,Y,Y,Y,-,Y,T,-,-,Y,-,-,-,C,C,-,C,-,-,C,C,-,C,-,C
"5,68600633,1,G/A",-,-,-,-,-,-,R,R,-,-,-,-,-,-,-,-,-,-,-,-,-,-,R,-,-,-,-,-,R,-,-,R,-,-,-,-,-,-,-,R,-,-,-,-,-,G,G,G,G,G,G,G,-,-,G,G,G
"5,80196355,1,T/A",T,T,T,-,-,-,-,T,T,-,T,-,-,W,A,T,-,-,-,-,A,-,-,T,-,-,W,-,T,T,-,-,T,-,W,T,-,T,-,T,-,T,-,-,-,-,T,-,-,T,-,T,T,T,T,-,T
"5,89850360,1,G/C",-,-,-,-,-,-,-,-,-,-,-,-,G,-,S,-,G,S,-,S,-,S,S,-,-,-,-,-,-,S,-,-,-,-,G,-,-,S,-,G,-,-,-,G,-,G,G,G,G,-,-,-,G,G,G,G,G
"5,89851068,1,G/A",G,-,-,-,-,-,-,-,-,-,-,-,-,-,-,-,G,-,-,R,-,R,-,-,-,-,G,-,G,R,-,-,-,-,G,-,-,-,G,G,-,-,-,-,-,G,-,G,G,G,-,-,-,G,G,G,G
"5,115233728,1,A/T",W,-,-,-,-,-,A,-,-,T,W,-,-,A,-,-,-,W,-,-,A,-,A,-,A,-,-,W,W,W,-,W,-,A,W,-,-,A,W,-,-,-,-,-,-,A,-,-,A,A,A,A,-,-,A,A,A
"5,133354731,1,G/C",S,C,S,-,S,S,S,S,S,-,-,G,S,-,G,-,S,S,S,S,S,-,S,-,S,S,-,S,-,-,S,S,S,-,S,G,S,S,S,-,S,-,-,C,-,-,G,G,G,-,G,G,G,G,-,G,G
"5,137534842,1,C/T",Y,-,Y,-,Y,-,-,Y,-,C,-,Y,Y,Y,-,-,-,-,-,Y,-,C,Y,T,-,-,Y,Y,C,-,Y,Y,Y,Y,Y,Y,-,-,Y,T,-,-,T,-,-,C,C,C,C,-,C,C,-,C,-,C,C
"5,140456814,1,G/A",-,G,-,-,-,-,-,-,-,-,-,G,G,G,G,G,R,-,G,G,G,-,G,G,G,-,-,G,G,G,G,G,G,R,-,-,G,G,R,G,-,-,-,-,-,G,-,-,G,-,G,G,-,G,G,G,G
"5,140574366,1,G/A",G,-,-,-,-,-,-,-,G,-,-,-,-,G,G,G,G,R,R,-,-,-,-,G,G,G,-,G,-,G,G,G,-,G,G,-,-,G,G,R,-,-,-,-,-,G,G,G,G,G,G,G,-,G,-,-,-
"5,154256030,1,C/G",-,-,-,-,-,C,-,-,-,C,-,S,C,C,C,-,-,-,-,S,-,-,-,C,-,-,-,-,-,-,S,-,-,-,S,-,-,S,-,-,-,-,C,-,-,-,C,C,C,-,C,C,-,-,C,C,C
"5,158459127,1,A/G",-,-,-,-,-,R,-,A,-,A,A,A,-,-,-,-,-,A,-,-,-,-,R,-,-,R,-,A,A,-,A,-,A,-,A,A,-,-,R,R,R,A,A,-,-,A,-,A,-,A,-,-,A,-,A,A,A
"5,158563219,1,C/T",-,-,-,-,-,-,-,-,Y,-,-,Y,-,Y,-,-,-,-,C,Y,-,Y,Y,-,-,Y,Y,-,-,-,-,-,-,-,Y,Y,C,Y,C,-,-,-,-,-,-,-,C,-,C,C,-,-,C,C,-,C,C
"5,176653349,1,C/G",S,-,S,-,-,-,-,-,-,-,-,-,-,-,-,-,G,-,-,-,-,-,-,-,-,-,-,G,-,G,-,-,-,-,-,-,-,-,-,-,-,-,-,-,-,C,C,C,C,-,C,-,-,-,C,-,C
"6,30760582,1,G/C",S,-,-,-,-,-,-,-,S,-,-,-,-,-,-,S,-,S,-,S,-,-,S,C,-,-,S,S,S,-,-,S,S,-,S,-,S,-,-,-,C,S,-,-,C,G,G,G,G,G,G,G,-,G,-,G,-
"6,43604936,1,C/T",Y,Y,Y,Y,-,Y,-,-,Y,T,-,-,-,Y,C,Y,Y,Y,-,Y,-,-,Y,-,-,Y,-,-,C,-,Y,Y,-,Y,-,T,-,Y,Y,-,-,-,-,-,Y,C,C,-,C,C,-,C,-,C,C,C,C
"6,43604942,1,C/T",Y,-,-,-,-,-,-,-,-,T,-,-,-,-,-,-,-,-,-,-,-,Y,-,C,-,-,-,-,-,Y,-,Y,Y,-,-,-,-,-,-,-,-,-,-,-,-,C,C,-,C,C,-,C,-,C,C,C,C
"6,88372465,1,A/T",A,-,-,-,-,-,-,-,-,W,-,-,-,-,-,-,-,A,-,A,A,W,A,-,-,-,W,-,-,A,-,A,A,A,A,A,-,-,A,A,A,-,-,-,-,A,A,A,A,-,A,A,-,A,-,-,A
"6,107195582,1,A/T",-,-,A,-,A,-,A,-,-,W,-,-,W,-,A,-,-,-,-,-,-,-,W,-,-,A,-,A,A,-,A,-,-,-,-,-,-,W,-,-,-,-,-,-,-,-,-,A,-,A,-,A,A,A,A,-,A
"6,110060758,1,C/G",-,-,-,-,-,-,-,-,-,-,-,-,-,-,-,-,-,-,-,-,S,-,-,S,-,-,-,-,-,-,-,-,-,S,-,-,-,-,-,-,-,-,-,-,-,-,C,C,C,C,-,-,C,-,-,C,C
"6,111387165,1,T/G",K,-,-,-,-,-,-,-,-,-,-,-,T,K,T,-,-,-,-,K,-,K,-,T,-,-,-,T,-,T,-,-,K,-,-,-,-,-,T,-,T,-,-,-,-,T,T,T,-,T,T,T,-,-,-,T,T
"6,112545606,1,A/G",A,-,-,-,A,-,-,-,A,-,-,-,-,-,A,A,R,-,A,-,A,A,A,A,R,-,-,-,A,-,R,A,-,-,A,-,-,R,A,A,A,-,-,-,-,A,-,A,A,A,-,-,A,A,A,A,-
"6,136624094,1,A/T",W,W,A,-,-,-,-,-,-,-,A,-,-,-,W,-,A,-,W,W,-,A,-,A,A,A,A,W,A,A,A,-,A,-,A,-,W,-,A,W,A,-,-,-,-,-,A,-,A,A,-,-,A,A,A,A,-
"6,150282390,1,A/G",A,A,-,A,A,A,A,A,A,A,-,R,A,A,A,R,A,-,-,-,A,A,A,A,A,A,A,-,A,A,A,-,-,A,A,A,A,A,A,A,-,R,-,-,A,A,A,A,A,A,A,A,A,A,A,-,A
"6,150282528,1,C/T",C,C,Y,C,C,C,C,C,C,C,-,Y,C,C,C,-,C,-,-,Y,C,-,C,C,C,C,C,Y,C,C,C,C,-,C,C,C,C,C,C,C,C,-,C,-,C,C,C,C,C,C,C,C,C,C,C,-,C
"6,151399898,1,C/T",Y,-,-,C,-,C,C,-,-,-,C,-,C,-,-,-,C,-,-,C,-,-,-,C,-,Y,-,-,-,C,-,C,-,-,Y,-,-,Y,-,-,-,C,C,-,-,-,C,C,C,C,-,C,-,C,-,C,C
"6,155150873,1,G/T",K,-,-,G,-,K,-,-,-,G,-,-,-,-,-,-,-,K,-,G,-,-,-,-,-,-,-,K,K,G,K,-,-,-,G,K,-,-,G,-,K,-,-,-,-,-,-,G,G,G,-,G,-,G,-,G,G
"7,5054338,1,C/T",C,-,Y,C,Y,-,-,-,-,-,-,-,-,-,-,-,-,-,-,C,-,-,-,C,-,-,Y,-,C,C,-,C,C,C,Y,-,-,-,-,-,-,C,-,C,-,C,C,C,C,-,C,C,C,-,C,-,C
"7,5199175,1,C/T",C,-,-,-,-,C,-,-,-,-,-,-,-,C,-,-,-,T,-,-,C,-,-,-,-,Y,-,-,-,-,Y,-,-,-,-,-,-,-,C,Y,T,-,T,-,-,C,C,-,C,C,C,C,-,C,-,-,C
"7,25956203,1,A/C",M,-,M,C,-,M,C,-,-,-,-,-,-,-,-,-,C,-,-,-,-,-,-,-,-,C,-,-,-,-,-,-,-,-,-,-,-,-,-,-,-,-,-,-,-,A,A,A,A,-,-,A,-,A,-,-,A
"7,30296051,1,C/T",C,-,-,-,-,-,-,Y,C,-,-,C,-,-,-,Y,-,-,-,-,-,-,C,-,-,-,C,Y,C,-,Y,-,C,-,-,Y,-,C,C,-,Y,-,-,-,-,-,C,C,C,-,-,C,-,C,C,-,C
"7,32982512,1,T/G",-,-,T,T,-,-,T,T,K,K,T,T,K,-,-,T,T,-,T,T,-,T,-,-,T,-,K,T,T,T,K,K,T,-,-,-,T,T,T,T,T,T,T,T,-,T,-,-,T,T,T,T,T,T,-,-,T
"7,34975620,1,C/A",C,-,-,-,-,-,-,-,-,-,M,-,C,M,C,-,C,-,-,C,M,C,C,-,-,-,M,M,-,-,M,C,-,C,M,C,-,M,-,-,C,-,-,-,-,C,-,-,C,C,-,C,C,-,-,C,-
"7,34975645,1,G/A",G,-,G,-,-,-,-,-,G,-,-,-,G,-,G,-,-,-,-,-,-,-,-,-,-,-,R,G,-,-,-,-,-,G,-,G,-,R,-,R,-,-,-,-,-,G,G,-,G,-,-,G,G,-,-,G,G
"7,44539848,1,C/T",Y,-,-,-,Y,-,-,Y,-,-,-,-,-,-,Y,-,-,-,T,-,-,T,-,-,-,-,-,-,-,-,Y,-,T,-,-,-,-,Y,-,-,C,Y,-,-,-,C,C,C,C,C,-,C,-,C,-,-,C
"7,74201688,1,C/T",-,C,-,Y,C,Y,-,Y,-,-,C,C,C,C,C,C,C,C,C,C,-,-,-,C,-,C,C,C,C,C,C,C,C,C,C,C,C,C,-,C,-,-,C,C,C,C,C,-,C,C,-,-,C,C,-,C,C
"7,76848516,1,G/A",G,-,-,-,-,-,-,-,-,-,-,-,-,-,-,R,-,G,R,G,-,G,-,-,-,G,-,-,-,-,G,-,R,R,-,-,-,-,-,R,-,-,-,-,-,G,G,-,G,-,-,-,G,G,G,-,G
"7,87297339,1,G/C",G,G,S,S,-,-,C,-,-,C,-,G,S,-,-,-,G,-,G,-,G,S,-,-,-,C,G,G,-,-,-,G,-,-,S,-,-,G,-,G,-,S,-,G,-,G,G,G,G,G,-,G,G,G,G,G,G
"7,91937068,1,T/C",T,T,T,-,Y,-,T,-,T,T,-,T,Y,T,-,-,Y,-,-,T,-,Y,T,-,-,Y,T,-,-,-,-,-,-,-,-,-,-,T,T,-,-,T,T,-,T,T,T,T,-,T,T,T,T,T,T,T,T
"7,99524828,1,C/T",Y,T,Y,-,Y,-,Y,Y,Y,-,-,-,Y,-,-,T,-,-,Y,Y,-,Y,Y,-,-,C,-,Y,-,-,Y,-,-,Y,-,-,T,-,Y,Y,-,T,Y,-,-,C,-,C,C,C,C,C,C,-,-,C,C
"7,99526377,1,C/G",S,-,-,C,S,-,-,C,S,C,-,-,S,-,-,G,-,C,S,S,S,-,S,-,-,-,-,S,S,G,S,-,G,S,S,-,-,-,-,S,-,-,S,S,-,C,-,C,C,C,C,C,C,-,-,C,C
"7,100464236,1,A/G",R,A,R,-,A,-,A,A,R,A,A,R,R,A,-,A,R,A,R,A,A,A,-,A,R,A,R,A,A,-,R,R,R,-,-,A,-,A,-,A,-,-,A,-,-,A,A,A,A,A,A,A,A,-,A,-,A
"7,100464243,1,A/C",A,-,M,-,A,-,A,A,-,-,A,-,-,A,-,A,A,A,M,A,-,A,A,-,M,A,-,-,-,-,-,M,-,A,A,-,-,A,M,-,-,-,-,-,-,A,A,-,A,A,A,A,A,-,A,-,A
"7,100466837,1,T/C",-,-,T,-,-,-,T,T,-,-,T,-,-,T,-,T,Y,-,Y,T,-,Y,T,-,T,T,Y,-,-,-,-,Y,-,-,T,T,-,T,Y,T,-,-,T,-,-,T,T,-,T,-,-,T,T,T,T,-,-
"7,100467251,1,C/G",C,-,-,-,C,-,-,C,-,-,C,-,C,C,-,C,-,C,-,C,-,S,C,C,-,C,C,C,-,-,-,-,S,-,-,-,-,C,S,C,-,-,-,-,-,C,C,C,C,-,-,-,C,-,C,-,-
"7,100468023,1,T/C",T,-,-,-,-,-,-,T,T,-,T,-,Y,T,-,T,Y,T,T,Y,-,-,T,-,-,-,T,T,T,-,Y,Y,T,-,-,T,-,T,-,-,T,-,-,-,-,T,T,T,T,-,-,T,T,-,T,-,-
"7,100468180,1,A/G",A,-,R,-,-,-,-,A,A,-,A,A,-,A,-,-,R,A,A,A,-,R,A,A,-,R,A,A,A,-,-,R,-,-,-,A,-,A,-,A,A,-,-,-,-,A,A,A,A,A,-,A,A,-,A,-,A
"7,100468414,1,T/C",T,-,T,-,T,-,T,T,T,-,-,T,T,T,-,-,T,T,Y,T,-,Y,T,T,-,T,T,T,T,-,Y,Y,T,T,T,T,-,T,Y,T,-,-,-,-,-,T,T,-,T,T,-,-,T,T,T,-,-
"7,100468427,1,A/G",A,-,A,-,-,-,-,-,A,-,A,-,A,A,-,A,A,A,R,A,-,R,A,A,-,A,A,A,-,-,A,R,A,A,-,A,-,A,R,A,-,-,-,-,-,A,A,-,A,A,-,-,A,A,A,-,-
"7,100468837,1,G/A",G,-,G,-,-,-,-,-,G,-,G,G,G,G,-,-,R,-,G,G,-,R,G,-,G,-,G,-,G,-,R,R,R,-,-,G,-,G,G,G,-,-,-,-,-,G,G,-,G,G,G,G,G,G,G,-,-
"7,100468876,1,A/G",R,-,A,-,-,-,-,-,A,-,A,-,A,A,-,-,R,A,A,-,-,R,A,A,A,A,R,-,-,-,-,R,-,A,-,-,-,A,-,-,-,-,A,-,-,A,A,A,A,A,-,A,A,A,A,-,-
"7,102022810,1,T/C",Y,Y,Y,T,Y,Y,Y,Y,-,-,-,-,-,-,Y,-,-,-,-,-,-,-,-,-,-,-,T,-,-,-,T,-,-,-,-,-,-,-,-,-,-,-,Y,T,Y,T,T,T,-,T,T,T,-,-,-,-,-
"7,117054876,1,C/T",Y,-,Y,-,-,-,Y,-,Y,-,C,-,Y,Y,Y,Y,T,Y,Y,Y,-,Y,Y,-,-,C,C,-,-,-,Y,C,Y,Y,Y,Y,Y,-,Y,Y,-,-,-,-,-,C,C,C,C,C,-,C,-,C,C,C,C
"7,122556628,1,G/C",G,-,-,-,-,-,-,-,-,-,-,-,-,-,-,-,S,-,-,-,-,-,-,S,-,-,-,-,-,-,G,-,-,-,-,-,-,-,-,-,S,-,-,-,-,-,-,G,G,G,-,-,-,G,G,G,G
"7,134923084,1,A/T",A,-,A,A,A,-,-,-,-,-,-,-,W,A,-,A,-,-,-,A,W,-,-,-,A,-,-,A,-,A,A,W,-,-,-,-,-,W,A,-,-,-,A,A,-,A,A,A,A,-,A,A,-,A,-,A,A
"7,150799351,1,T/C",-,Y,-,T,-,-,-,Y,-,-,-,Y,T,Y,T,-,-,-,-,Y,-,-,-,T,T,-,-,-,-,-,T,-,-,-,-,-,T,-,-,T,-,-,-,-,T,T,T,T,-,T,T,T,-,T,T,-,T
"7,151563825,1,C/G",-,-,-,C,C,-,-,-,-,-,C,C,C,C,-,C,C,S,C,C,C,C,-,-,-,-,S,-,-,-,C,S,-,S,-,C,C,-,-,C,-,-,-,-,C,C,C,C,C,-,C,C,C,C,C,C,C
"7,151566552,1,G/T",-,-,-,-,-,-,-,-,-,-,G,-,-,-,-,-,-,G,-,-,-,G,G,-,K,K,K,-,-,-,G,-,G,-,-,G,-,-,-,-,-,-,-,-,-,G,-,G,G,-,G,-,-,G,-,G,G
"7,151566821,1,T/A",W,-,-,-,-,-,-,-,-,W,T,-,-,T,-,W,T,-,-,T,-,T,W,-,W,T,-,-,-,-,-,-,-,-,W,T,-,-,W,-,T,-,-,-,-,T,T,T,T,-,T,-,-,T,-,T,-
"7,151601620,1,A/C",A,A,A,-,-,-,-,-,-,A,-,A,A,A,A,M,-,A,-,-,-,-,-,-,-,A,-,A,M,A,M,A,-,-,A,A,A,-,-,-,-,-,A,-,-,A,A,-,-,A,A,A,A,A,-,A,A
"8,12033545,1,G/C",-,-,-,-,G,G,-,-,-,-,G,-,-,G,G,G,-,G,-,S,-,S,G,G,G,-,S,-,-,G,-,G,-,G,G,G,-,S,G,G,-,-,G,-,-,G,G,G,-,G,-,G,-,G,G,-,-
"8,39066802,1,C/T",Y,-,-,-,-,-,-,-,Y,-,C,Y,-,-,C,C,C,C,Y,Y,-,-,C,C,-,C,C,C,-,C,Y,C,C,Y,C,-,C,Y,Y,C,-,-,-,-,-,C,C,C,C,C,C,-,C,C,C,C,C
"8,48369246,1,G/T",G,-,-,-,K,-,-,-,K,K,-,-,K,K,K,G,K,-,-,-,-,G,K,-,-,-,K,K,G,-,-,K,-,G,K,-,-,G,K,-,K,-,-,-,-,-,G,-,-,G,G,G,G,G,-,-,G
"8,52895762,1,A/G",A,-,-,-,-,A,-,-,R,-,-,-,A,R,A,-,-,-,-,A,-,-,A,-,-,-,A,A,-,A,-,R,-,R,-,A,-,A,A,-,A,-,-,-,A,A,-,A,A,A,A,A,A,A,A,A,A
"8,52895767,1,A/C",A,-,-,A,-,A,-,-,-,-,-,A,-,-,A,M,-,-,-,-,-,-,-,-,-,-,A,A,-,A,-,M,M,-,A,A,A,-,A,-,A,-,-,-,-,A,-,A,A,A,A,A,A,A,A,A,A
"8,95821275,1,A/C",-,-,-,-,-,-,-,-,-,-,-,-,A,-,A,-,-,-,-,A,-,-,A,M,M,-,M,A,A,A,A,-,-,-,-,-,A,-,A,-,-,-,A,-,-,A,A,-,A,A,A,-,-,-,A,A,A
"8,101312755,1,A/G",-,-,-,-,A,-,-,-,A,A,-,-,-,A,-,-,-,-,-,A,A,-,-,R,A,R,R,A,A,A,A,-,-,-,-,-,A,-,-,-,-,-,-,-,-,A,-,A,A,A,-,-,A,-,A,-,A
"8,117944527,1,A/C",A,-,-,-,A,-,-,-,A,M,A,-,-,A,-,-,-,-,M,A,-,A,-,A,-,M,A,-,-,M,-,-,A,-,-,-,-,-,-,A,-,-,-,-,-,A,A,A,A,A,A,-,-,-,-,A,A
"9,161997,1,C/A",C,C,-,-,C,C,C,C,-,C,C,C,C,C,-,C,C,-,-,C,-,-,-,-,C,C,-,-,C,M,M,M,-,C,-,-,C,C,C,-,C,-,C,-,-,C,-,C,C,-,C,-,C,C,C,-,C
"9,162167,1,C/T",C,C,C,C,C,C,C,C,Y,C,C,C,C,C,-,-,C,C,C,C,C,C,-,Y,C,C,-,C,C,-,-,Y,C,C,-,-,C,C,C,C,C,C,C,-,C,C,C,C,C,-,C,-,C,C,C,C,C
"9,15459955,1,C/T",Y,-,-,-,-,-,-,-,-,T,-,-,C,T,-,C,-,-,-,-,T,T,-,T,-,-,-,-,-,C,Y,-,-,C,-,-,T,-,-,-,-,-,-,-,-,C,C,C,-,C,C,-,C,C,C,-,C
"9,34603832,1,C/T",Y,-,T,-,T,T,T,T,-,T,-,-,-,-,T,-,T,T,-,-,-,T,-,T,-,-,T,Y,T,-,-,T,-,-,-,-,T,T,-,-,-,-,-,T,-,C,-,C,C,C,C,C,-,-,-,-,C
"9,39168337,1,C/G",S,G,-,-,G,G,G,-,G,-,-,G,G,G,G,G,G,-,G,G,G,G,G,G,G,G,G,S,G,G,G,-,G,G,G,-,G,G,G,-,-,-,-,-,-,C,C,C,C,C,C,C,C,C,C,C,C
"9,67528453,1,G/T",G,-,G,-,-,-,-,-,-,-,K,G,-,K,-,-,-,-,-,G,-,K,-,G,-,-,-,-,G,-,-,G,-,-,-,G,-,G,K,G,-,-,-,-,-,-,-,G,-,G,G,G,G,G,G,G,G
"9,68710283,1,G/T",K,-,-,-,-,-,-,-,-,G,-,G,G,K,G,K,K,K,G,G,-,G,K,K,-,-,G,K,K,-,-,-,K,-,K,K,-,-,-,G,-,-,-,-,-,G,G,G,G,G,G,G,G,G,G,G,G
"9,68713470,1,C/A",-,-,-,-,-,-,-,-,-,C,C,-,C,C,M,-,-,-,-,-,-,-,M,C,-,-,C,C,C,A,-,-,-,C,C,C,C,M,-,M,-,-,-,-,-,-,C,C,-,-,-,C,C,C,C,C,-
"9,70061770,1,T/G",T,-,-,-,-,-,-,T,-,-,-,-,T,T,K,T,-,-,T,-,-,-,T,K,T,-,-,-,T,-,K,T,T,-,T,T,-,T,T,-,-,-,-,-,-,T,-,T,-,-,-,T,T,T,-,T,T
"9,114376732,1,C/T",Y,-,Y,T,-,-,-,C,-,-,-,-,-,T,-,-,-,-,-,C,-,-,Y,-,-,-,Y,-,-,C,Y,-,C,-,Y,-,-,-,-,-,-,-,-,-,-,C,C,C,C,C,C,C,-,C,C,C,C
"9,114376902,1,C/T",-,-,-,-,-,-,-,-,-,-,-,-,-,T,-,-,-,-,-,-,-,-,Y,-,-,-,-,-,Y,-,Y,-,C,-,-,-,-,-,-,-,-,-,-,-,-,C,C,C,C,C,-,C,-,C,C,C,C
"9,118009507,1,T/G",-,-,-,-,K,-,-,-,-,-,-,-,K,-,-,-,-,-,-,-,-,-,-,-,-,-,K,-,-,-,-,-,K,-,-,-,-,-,-,-,-,-,-,-,-,T,-,-,T,T,T,T,T,T,-,-,T
"9,124526832,1,T/C",-,-,-,-,-,-,-,-,-,-,-,-,-,T,-,-,-,-,-,Y,Y,Y,-,-,-,-,-,-,-,-,-,-,-,-,-,-,-,T,-,-,-,-,T,-,-,-,-,T,T,T,T,T,T,-,-,-,-
"10,920416,1,G/A",R,R,-,R,R,-,-,-,-,-,-,R,-,-,R,G,-,G,-,R,R,-,-,R,R,-,R,R,R,A,R,-,R,R,-,G,-,A,R,A,-,-,-,-,R,-,G,-,G,G,G,G,-,G,-,G,G
"10,17853273,1,T/G",K,-,-,-,-,-,T,T,-,K,-,-,K,T,-,T,-,T,K,T,T,-,-,-,-,-,-,-,-,K,K,-,-,-,-,-,-,-,-,-,-,-,T,-,-,T,T,T,T,-,-,-,T,-,T,-,T
"10,28236484,1,C/G",-,-,-,-,S,-,-,-,G,-,-,-,-,-,-,-,-,-,S,-,-,-,-,-,-,-,-,S,-,-,G,-,-,-,-,-,-,-,S,-,-,-,-,-,-,C,C,C,-,C,-,C,-,C,-,C,C
"10,35025203,1,C/A",C,-,-,-,-,-,-,-,-,-,-,C,C,-,C,C,-,-,M,-,-,C,C,-,C,C,-,C,-,-,-,C,-,-,C,C,M,C,C,M,C,C,-,-,-,C,C,C,-,C,C,C,-,C,C,-,C
"10,35477245,1,A/T",A,-,-,-,-,-,-,-,-,W,-,-,W,-,-,-,A,W,-,-,-,-,-,A,A,-,-,-,W,-,W,W,-,-,A,-,A,-,A,W,-,-,-,-,-,-,-,-,A,A,A,A,-,A,-,A,A
"10,37495589,1,G/A",G,-,-,G,G,-,-,-,G,G,G,-,-,G,-,-,G,G,G,G,-,R,G,G,G,G,-,G,-,-,G,G,R,G,R,G,-,G,G,G,-,-,G,-,-,G,G,G,G,G,G,G,-,G,G,G,-
"10,42635771,1,A/G",A,-,A,A,-,-,-,A,R,A,A,A,A,A,A,-,-,-,A,A,A,A,A,A,A,-,R,A,-,-,A,A,-,A,R,A,A,R,A,A,A,-,A,A,A,A,A,A,A,-,A,A,A,A,A,A,-
"10,51290367,1,G/C",S,-,G,-,G,-,-,G,G,-,S,-,G,G,-,G,S,-,G,-,S,G,S,G,-,G,S,G,S,-,-,-,-,-,G,G,G,G,G,-,G,-,-,-,-,-,G,G,-,G,G,G,-,G,-,-,-
"10,72206982,1,T/C",-,Y,Y,T,Y,C,-,-,-,-,-,Y,-,-,-,Y,-,-,-,Y,-,-,-,-,Y,-,-,-,T,-,-,-,-,C,-,-,-,-,-,-,-,T,T,-,-,T,T,T,T,T,T,T,T,T,-,-,T
"10,88669050,1,C/T",Y,Y,Y,Y,-,-,-,Y,-,T,-,Y,C,Y,-,-,-,-,Y,Y,Y,-,-,C,Y,Y,-,Y,Y,-,Y,-,T,Y,-,-,T,Y,-,-,-,-,-,Y,-,C,C,-,C,-,C,C,C,C,C,C,C
"10,88824240,1,T/A",T,-,T,-,-,-,-,-,-,T,-,-,T,T,-,-,-,-,-,-,W,-,T,T,T,T,T,T,W,-,T,T,-,T,T,-,-,-,T,-,W,T,-,-,-,T,T,-,T,T,-,-,-,T,-,T,T
"10,99188328,1,G/A",R,-,-,-,-,-,-,-,-,-,-,-,-,-,-,G,-,R,R,-,-,-,-,R,-,-,-,-,R,-,-,R,-,-,-,-,-,R,-,-,-,-,-,-,-,-,G,-,G,G,-,G,-,G,-,G,G
"10,101949812,1,G/A",R,-,-,-,-,R,-,-,-,-,-,R,-,R,R,R,R,R,R,-,R,-,R,-,R,R,R,R,R,-,R,R,G,R,R,-,-,R,-,-,R,A,-,-,-,-,G,G,-,-,G,G,-,G,-,G,G
"10,104856368,1,G/C",S,-,-,-,-,-,-,-,S,S,C,-,-,-,-,S,S,-,S,-,-,-,S,-,S,G,-,S,S,-,S,S,-,S,S,S,S,S,S,S,G,C,-,-,-,G,G,G,G,G,G,G,G,-,G,-,G
"11,1576080,1,G/T",K,G,-,-,-,G,G,-,-,-,-,-,-,-,K,-,G,-,-,-,-,-,-,K,-,-,G,-,-,G,G,-,-,-,-,-,-,-,K,-,-,-,-,-,-,G,G,G,G,G,G,G,-,-,-,G,G
"11,5231006,1,T/C",-,-,-,T,-,-,-,-,-,-,-,-,-,-,-,-,-,-,-,-,-,-,T,-,-,-,Y,-,-,-,-,-,-,-,Y,T,-,-,Y,-,-,-,-,-,-,-,T,T,-,-,T,-,T,T,T,-,T
"11,49161259,1,G/T",G,G,-,-,-,-,-,-,G,-,-,G,G,-,G,G,G,G,K,G,-,K,G,-,G,K,K,G,-,K,G,G,G,G,G,-,-,G,G,-,G,-,-,-,-,-,G,G,G,-,G,G,G,G,G,-,G
"11,49161308,1,T/C",T,-,-,-,-,Y,-,-,-,-,-,-,-,T,T,-,-,T,Y,Y,-,Y,T,T,T,-,Y,T,T,Y,Y,-,Y,T,T,-,-,T,-,-,Y,-,-,-,-,-,T,T,T,-,T,T,T,T,-,-,T
"11,56224409,1,T/C",Y,-,Y,-,-,-,-,-,Y,Y,Y,Y,-,Y,Y,-,Y,Y,-,Y,-,-,Y,T,-,-,-,-,-,Y,Y,-,Y,-,Y,-,Y,Y,-,Y,Y,-,Y,-,-,-,T,T,T,T,-,T,-,T,T,-,-
"11,56225393,1,G/T",K,-,K,-,-,-,-,-,-,K,K,G,-,K,-,-,K,G,-,K,-,-,G,-,-,-,-,-,-,K,G,K,G,-,G,-,G,K,K,-,G,-,-,-,-,-,G,G,G,G,-,G,-,G,-,G,G
"11,71346012,1,T/A",W,T,-,T,-,-,T,-,-,-,T,-,-,-,-,-,-,T,T,-,T,T,-,-,-,-,-,T,T,-,-,W,W,-,-,T,-,-,-,-,W,-,-,-,-,T,-,-,-,T,T,T,T,-,T,-,-
"11,76992433,1,T/C",Y,Y,Y,Y,Y,Y,-,Y,T,Y,Y,Y,-,Y,-,-,T,-,-,Y,Y,C,Y,Y,Y,-,-,Y,T,-,Y,Y,T,T,Y,Y,T,Y,Y,T,Y,-,Y,Y,Y,T,T,T,T,-,T,T,T,-,-,T,T
"11,77290107,1,C/T",C,-,C,-,C,-,-,-,C,-,Y,-,C,C,-,C,C,C,-,C,C,-,C,C,C,C,-,C,-,Y,C,C,C,C,-,C,-,-,Y,C,C,-,C,-,-,C,C,C,C,C,C,C,-,C,C,C,C
"11,88746259,1,C/T",C,-,-,-,C,-,-,-,C,C,C,-,Y,Y,-,C,Y,Y,-,C,-,C,C,-,-,C,C,-,C,C,C,C,C,C,C,C,C,C,C,C,-,C,-,-,-,C,C,-,-,-,-,C,-,C,C,C,C
"11,101774712,1,T/A",T,-,-,-,-,-,-,-,-,-,-,-,T,W,-,T,-,-,T,T,-,-,-,W,T,W,-,-,-,W,-,-,-,T,-,-,-,T,-,-,-,-,-,-,-,-,T,T,-,-,T,T,-,T,T,T,T
"11,107611693,1,G/C",S,-,-,-,S,-,-,S,S,-,G,S,-,G,G,G,G,G,S,G,G,G,S,S,-,-,G,-,-,-,-,S,G,-,G,S,G,S,S,-,-,-,-,-,-,G,-,G,G,G,G,G,G,G,G,G,G
"11,123391927,1,G/A",G,-,-,-,G,G,G,G,G,G,-,G,-,-,G,G,-,G,-,-,-,G,G,R,G,G,G,R,-,-,-,G,G,-,G,R,G,G,G,G,-,G,-,-,-,G,G,G,G,G,G,G,G,G,G,G,G
"11,123405705,1,A/C",-,-,-,A,-,-,A,A,A,A,-,A,-,-,A,M,A,M,A,A,-,A,-,M,-,A,-,A,-,-,A,A,A,-,A,A,A,A,-,-,A,-,-,-,-,A,A,A,A,A,A,A,A,A,A,A,A
"11,123758192,1,C/T",C,-,Y,-,C,C,C,C,C,-,C,C,C,C,C,C,Y,C,C,C,C,C,Y,C,C,C,-,-,-,-,-,C,C,C,C,C,-,C,C,C,-,-,C,C,-,C,C,C,C,C,C,C,C,C,C,C,C
"11,123994416,1,G/T",-,-,-,K,-,K,-,K,K,T,T,-,K,-,-,K,-,K,-,K,-,G,-,K,-,K,G,K,K,-,K,G,-,K,-,-,K,K,-,-,-,-,-,T,-,-,G,G,G,G,-,G,G,G,G,-,G
"12,6925289,1,G/T",K,-,-,K,-,-,-,K,-,-,-,-,-,-,-,-,-,-,-,-,-,-,T,-,-,-,-,-,-,-,-,-,-,-,-,-,T,-,-,-,T,K,-,-,-,G,G,-,G,G,G,G,-,G,G,-,-
"12,8219163,1,A/T",-,-,-,A,A,-,-,A,W,A,A,A,-,W,W,A,A,W,-,-,A,-,A,-,-,A,W,A,-,-,A,W,-,A,A,-,A,A,-,A,A,A,-,-,-,A,A,A,A,A,A,A,A,A,A,A,-
"12,9283438,1,A/T",A,A,A,-,A,-,-,A,-,A,A,A,A,W,-,-,A,-,-,-,-,W,W,A,W,A,A,A,-,-,A,W,-,-,-,A,A,A,A,-,A,-,A,-,-,A,-,-,-,A,A,A,A,A,A,A,A
"12,9283486,1,C/T",C,C,C,-,-,-,-,C,-,C,-,-,-,Y,-,-,-,-,-,-,Y,Y,-,C,C,C,C,C,C,-,C,C,-,-,-,C,-,-,-,C,C,-,C,-,-,C,C,-,C,C,C,C,C,C,C,C,C
"12,9776980,1,A/T",W,-,A,-,-,-,-,-,-,-,-,-,-,-,W,W,-,W,-,A,-,A,-,W,A,-,-,-,-,-,W,-,-,A,-,W,-,A,-,-,W,-,-,-,-,A,A,-,A,-,-,-,A,A,A,-,-
"12,15633595,1,A/G",A,A,-,-,-,-,-,A,-,A,A,R,-,-,-,-,-,-,A,-,-,-,-,-,-,R,A,-,-,-,-,-,-,-,-,-,R,-,A,-,-,-,-,-,A,A,A,A,A,-,-,-,A,A,-,-,A
"12,21514394,1,A/G",A,-,-,-,-,-,-,-,A,-,A,-,A,A,-,A,A,A,R,-,-,R,A,A,-,-,A,A,R,A,-,A,-,-,-,A,-,-,A,-,-,-,-,-,-,A,A,A,-,A,-,A,-,-,A,A,A
"12,38362662,1,T/G",K,K,-,K,-,-,-,-,-,-,G,-,T,K,G,-,-,-,-,K,-,K,K,-,K,K,K,-,K,-,K,K,K,K,K,-,K,K,K,-,-,G,G,-,-,T,T,-,-,T,T,T,T,-,-,T,T
"12,40799177,1,T/A",W,-,-,-,-,-,-,-,-,T,T,W,-,T,-,-,W,-,-,T,-,-,T,-,T,T,W,T,T,-,T,-,-,T,-,W,T,W,T,-,-,-,-,-,-,-,T,-,-,T,-,-,T,T,T,T,-
"12,41144544,1,G/A",G,-,G,G,-,-,G,-,G,-,R,-,G,G,-,-,G,G,-,-,-,G,-,G,-,-,-,G,-,-,R,G,-,-,R,G,G,R,G,-,G,G,-,-,-,G,G,G,G,G,-,G,G,G,G,-,G
"12,48435878,1,T/C",T,-,-,T,T,-,-,T,-,-,-,-,-,-,-,Y,Y,-,-,T,Y,Y,Y,Y,-,-,-,Y,T,-,T,-,-,T,Y,T,T,Y,-,-,-,Y,T,-,T,T,T,T,T,-,T,-,-,-,-,T,T
"12,51129848,1,A/G",R,-,A,A,A,-,-,-,A,-,R,-,-,-,A,-,-,A,-,R,A,-,-,-,-,-,-,A,-,-,A,R,-,-,A,R,-,A,A,R,-,-,A,-,A,-,A,A,A,A,-,A,-,A,A,-,A
"12,51130142,1,G/A",-,-,-,G,G,-,-,-,G,-,G,G,-,-,G,-,-,G,G,G,G,-,G,G,R,G,-,-,G,-,G,-,-,G,G,R,-,G,G,R,-,-,G,-,G,G,G,G,G,G,G,G,-,G,G,-,G
"12,51130151,1,T/A",T,-,-,-,-,-,-,W,-,-,-,-,W,-,-,-,-,-,-,-,T,-,-,-,W,-,-,-,-,-,-,T,-,-,-,W,-,-,-,W,-,-,-,-,-,T,T,T,T,-,T,T,-,T,T,-,T
"12,53706824,1,C/T",Y,-,-,-,-,C,-,Y,Y,-,-,C,-,Y,C,-,-,-,Y,-,-,C,Y,-,Y,-,Y,-,-,T,Y,-,-,-,Y,Y,-,Y,-,Y,Y,-,-,-,-,C,C,C,C,C,C,-,C,-,-,C,C
"12,54000673,1,C/A",C,-,-,-,-,-,-,-,-,-,-,-,-,-,C,-,M,-,-,M,-,C,-,-,-,M,C,C,-,-,C,M,C,-,M,-,-,C,-,-,-,-,-,-,-,C,C,C,C,-,C,C,C,C,-,C,C
"12,56281450,1,T/G",T,-,T,-,T,T,T,T,-,-,-,T,T,-,-,-,T,T,-,K,-,-,K,-,-,-,K,-,-,-,-,-,-,-,-,T,-,-,-,-,-,T,-,-,-,T,T,-,T,T,-,T,T,T,T,T,T
"12,62250866,1,T/C",Y,-,-,-,-,-,-,-,-,T,T,-,-,-,T,Y,-,Y,-,T,-,T,T,-,T,Y,-,-,-,T,T,T,-,T,Y,T,T,-,T,-,T,-,-,-,-,T,T,T,T,T,-,-,-,-,-,T,T
"12,64818125,1,G/A",-,-,-,R,A,R,-,-,-,R,-,-,R,G,R,R,R,R,R,R,-,-,-,-,-,-,-,G,R,A,R,-,A,R,-,-,-,R,R,R,-,A,A,-,-,G,G,G,G,-,G,-,G,G,-,G,G
"12,68495390,1,C/A",M,-,-,-,-,-,-,M,-,-,-,-,-,-,-,-,-,C,-,-,-,-,M,-,-,-,-,-,-,-,-,-,-,-,C,-,-,-,-,M,C,-,C,-,-,C,-,C,C,-,-,C,-,C,C,-,C
"12,118699065,1,G/A",R,-,-,G,R,A,-,-,R,-,R,R,-,R,-,-,R,-,A,-,R,R,R,-,-,A,R,R,R,R,R,-,-,A,-,A,-,-,-,A,-,-,-,-,A,G,-,G,G,G,G,G,-,G,-,G,G
"12,120581426,1,G/A",R,G,-,-,-,R,-,G,G,-,-,-,-,-,-,-,G,G,-,-,-,-,-,R,-,-,-,R,-,-,-,-,-,G,-,-,-,G,-,-,-,G,-,-,-,G,G,-,-,G,-,G,G,G,G,G,G
"12,121392262,1,C/T",-,-,-,C,C,-,-,C,-,-,-,-,C,C,-,-,-,-,-,-,Y,-,Y,-,Y,-,-,-,-,-,-,-,-,-,-,Y,-,-,-,-,-,-,-,-,-,C,C,C,-,C,C,C,-,-,-,-,-
"12,122360193,1,A/G",A,A,A,-,A,-,-,A,-,-,-,-,-,A,-,A,-,A,A,A,-,-,A,-,A,A,R,A,A,-,A,A,A,R,-,-,-,R,-,-,-,A,A,A,-,A,-,A,A,A,A,A,A,A,A,-,A
"12,122455445,1,A/C",A,A,A,A,A,M,A,A,A,-,-,A,M,A,A,A,-,A,A,A,A,-,-,A,M,-,A,A,A,A,A,A,-,-,A,A,A,-,-,A,A,A,A,-,A,A,-,A,A,-,A,A,A,A,A,-,A
"12,123963149,1,C/T",C,-,C,C,C,-,-,-,C,-,C,Y,C,C,C,-,C,C,C,C,C,C,C,C,C,Y,-,-,C,-,C,-,C,C,C,Y,C,C,C,-,C,C,C,C,C,-,C,C,C,C,C,C,-,C,C,C,C
"12,123963251,1,G/A",G,-,G,G,G,-,G,-,G,-,G,R,G,G,G,G,G,G,G,-,-,G,G,G,G,R,-,R,G,-,G,-,G,-,G,R,G,G,G,-,G,G,G,-,G,G,G,G,G,G,G,G,G,G,G,G,G
"12,123963263,1,G/A",G,-,G,G,G,-,-,-,G,-,G,R,G,G,G,-,G,G,G,G,-,G,G,G,G,R,-,R,G,-,G,-,G,-,G,R,G,G,-,-,G,G,-,-,-,G,G,G,G,G,G,G,-,G,G,G,G
"12,123963746,1,G/A",R,-,G,G,R,-,G,-,G,-,G,R,G,-,G,-,G,G,G,R,-,G,G,G,G,R,-,-,G,-,G,G,G,R,G,-,G,G,R,-,-,G,-,-,G,G,G,G,G,G,G,G,G,G,G,G,G
"12,123963758,1,G/C",G,-,-,G,G,-,-,G,G,-,G,S,G,G,G,-,G,G,G,-,-,G,-,G,-,S,-,S,G,-,G,-,G,S,G,S,G,G,S,-,G,G,-,-,-,G,G,G,G,G,G,G,G,G,G,G,G
"12,131120256,1,T/C",Y,-,-,-,-,-,Y,-,-,-,-,-,-,-,-,-,-,-,-,-,-,-,Y,-,-,-,C,-,-,C,-,-,Y,Y,-,-,Y,-,-,-,-,-,-,-,-,T,-,T,T,-,T,-,T,-,-,T,T
"13,18904719,1,C/G",C,-,-,C,-,-,-,-,-,-,-,-,-,C,C,-,-,S,-,S,-,C,-,C,-,-,S,S,-,C,-,-,-,-,S,C,S,C,-,-,-,-,-,-,-,C,-,-,C,C,-,C,C,C,C,-,C
"13,18936599,1,A/G",A,-,-,-,A,A,-,-,-,A,-,A,-,A,A,R,A,-,-,-,-,A,A,A,-,-,-,-,A,R,R,-,-,-,-,A,A,A,-,-,-,-,-,A,-,A,-,A,A,A,A,-,A,A,-,-,-
"13,19223356,1,C/T",C,C,C,C,C,-,Y,C,C,-,-,-,-,-,C,-,-,C,Y,Y,-,-,-,C,-,-,C,C,-,C,C,-,-,-,Y,-,-,C,C,-,-,Y,C,-,C,C,C,C,C,-,C,C,-,C,-,-,C
"13,19223405,1,A/G",A,A,A,A,A,A,R,A,-,A,R,A,A,R,A,R,-,-,-,R,-,R,A,A,A,-,A,-,-,R,A,-,-,A,R,A,-,A,A,-,R,R,A,A,A,A,A,A,A,-,A,A,-,A,A,-,A
"13,23788219,1,G/A",-,G,-,G,-,-,G,-,R,R,G,G,-,G,-,G,-,G,G,G,G,-,G,G,-,G,G,G,G,G,-,-,G,-,R,G,G,G,-,G,G,-,G,G,G,G,G,-,-,G,G,-,-,G,-,G,G
"13,23914723,1,C/T",C,-,C,-,-,-,-,-,-,C,C,C,Y,-,Y,C,C,-,-,-,-,-,-,Y,C,-,-,-,-,C,-,-,-,C,-,-,C,-,-,C,-,-,-,-,-,C,C,C,-,C,-,C,C,-,-,C,C
"13,27041156,1,C/T",Y,-,-,-,-,-,-,-,-,Y,Y,-,-,T,-,Y,T,Y,-,Y,T,Y,-,Y,Y,Y,-,Y,Y,-,Y,Y,Y,Y,Y,Y,-,Y,-,Y,-,-,-,-,-,C,C,C,C,C,-,C,C,C,-,-,C
"13,72534930,1,C/G",S,-,-,C,C,-,-,C,-,C,C,-,-,-,S,-,S,-,-,-,-,-,-,-,-,-,-,-,-,S,-,C,-,-,-,-,-,-,-,-,-,-,-,-,-,C,C,-,-,-,C,-,C,C,-,C,-
"13,102218672,1,T/A",T,-,-,-,-,-,-,-,-,-,-,-,-,T,-,-,-,-,-,-,-,-,-,W,-,T,W,-,W,-,-,W,-,-,W,-,-,T,T,-,-,-,-,-,-,T,T,-,-,T,-,T,T,-,T,T,T
"14,18447614,1,G/T",-,-,-,-,G,-,G,G,-,-,G,G,G,G,G,G,-,G,G,G,G,G,G,K,G,G,-,G,G,-,K,G,G,G,G,G,G,-,G,G,K,-,G,-,-,-,-,G,-,G,-,G,-,G,G,G,-
"14,18447795,1,T/C",Y,T,T,T,T,-,T,-,T,-,Y,T,T,T,-,Y,T,T,T,T,-,Y,-,-,T,-,T,T,T,-,Y,T,-,T,-,T,-,-,T,T,T,-,T,T,-,T,T,-,-,T,T,T,-,-,T,-,-
"14,18633657,1,T/G",T,-,-,-,K,-,-,T,T,-,K,T,K,T,T,T,T,T,T,T,-,-,T,T,T,T,-,T,T,-,T,-,-,-,T,T,T,T,T,T,T,-,-,-,-,T,-,T,T,-,T,-,T,T,T,T,-
"14,18643084,1,G/T",-,G,-,-,G,-,G,-,K,-,G,G,G,G,K,G,G,G,-,K,-,K,G,G,K,G,G,K,-,-,-,-,G,G,G,G,G,G,-,-,G,-,G,-,-,G,G,G,G,G,G,G,-,G,G,G,-
"14,23753107,1,A/C",A,-,A,-,M,-,-,-,A,-,-,A,-,A,M,-,-,A,A,-,-,M,-,-,-,-,A,-,-,-,-,-,-,-,-,-,-,-,-,-,-,-,-,-,-,A,A,A,A,A,-,A,A,-,-,A,A
"14,30678890,1,G/C",S,-,-,-,S,S,-,-,-,G,C,S,-,-,-,-,S,-,-,S,S,C,S,G,C,-,C,S,S,C,S,-,S,-,S,S,S,S,-,S,-,-,S,-,-,G,G,G,G,-,G,-,G,G,-,-,G
"14,30678979,1,G/C",S,-,S,-,-,S,-,S,-,-,C,-,-,-,-,-,S,-,-,S,-,C,S,-,C,-,C,-,S,-,S,-,S,-,-,-,-,-,-,S,-,-,-,-,-,G,G,-,G,-,G,-,G,G,-,-,G
"14,61086140,1,C/T",C,-,-,-,-,-,-,-,C,-,Y,-,-,-,C,-,-,-,-,Y,-,-,Y,-,-,-,-,Y,Y,-,C,-,C,C,-,-,-,-,-,C,-,Y,-,-,-,-,C,C,-,C,-,C,-,C,C,-,C
"14,64564045,1,G/C",S,-,C,-,-,-,S,S,-,-,-,-,-,-,S,-,-,S,-,G,-,-,-,S,S,C,-,-,-,-,-,-,S,S,-,S,-,S,S,S,S,S,S,S,-,G,G,G,G,-,G,G,-,-,-,G,G
"14,70570379,1,G/T",G,-,-,-,-,-,-,-,-,-,G,-,-,G,G,-,-,-,-,-,-,G,K,K,G,G,-,-,G,K,-,K,G,-,G,-,-,G,G,-,-,-,-,-,-,G,-,-,G,G,-,G,G,G,-,-,G
"14,73508185,1,G/C",-,G,-,-,S,-,-,-,S,G,-,-,G,-,-,-,-,-,S,-,-,G,G,-,-,-,-,-,-,-,S,-,-,S,-,S,-,-,S,-,-,-,-,-,-,-,G,G,G,-,G,G,-,G,G,G,G
"14,76913649,1,G/C",S,-,-,-,-,-,-,G,C,-,-,S,-,-,-,-,-,-,-,-,-,-,-,-,-,-,-,-,-,-,-,-,-,C,-,-,-,S,-,-,-,-,-,-,-,-,G,-,G,-,-,G,-,G,G,G,G
"14,76913830,1,G/C",S,-,-,-,-,-,-,G,C,-,-,S,G,-,G,-,G,-,-,-,S,-,-,-,-,-,-,S,-,G,-,-,-,-,-,-,-,S,S,-,-,-,-,-,-,-,G,-,G,G,-,G,-,G,G,G,G
"14,76914219,1,G/C",G,-,-,-,-,-,-,G,C,-,-,S,G,-,G,-,G,-,S,-,-,G,-,-,-,-,-,-,-,G,-,-,-,S,-,S,-,S,S,-,-,-,-,-,-,G,G,G,G,G,-,G,-,G,G,G,G
"14,76914539,1,G/C",-,G,-,-,S,-,-,G,C,-,-,S,G,-,G,-,G,-,S,S,-,G,G,-,-,-,G,S,-,G,-,S,-,S,-,S,-,S,-,-,G,-,-,-,-,G,G,G,G,G,G,G,-,G,G,G,G
"14,76914601,1,G/A",-,G,G,-,-,-,G,G,-,-,-,R,G,-,G,-,G,-,R,R,-,G,G,-,-,R,G,R,-,G,R,-,-,R,R,R,-,R,R,-,G,-,-,-,-,G,G,G,G,G,G,G,-,G,G,G,G
"14,91259313,1,C/A",C,-,-,-,-,-,-,-,-,-,C,-,-,-,-,-,C,-,C,C,-,C,C,-,C,-,-,-,C,-,-,-,M,M,-,-,-,-,M,-,-,-,-,-,-,C,C,C,-,C,C,C,C,C,C,-,C
"15,19330811,1,T/G",-,-,-,-,-,T,-,-,-,-,T,-,-,T,T,-,T,-,T,K,-,-,K,-,-,-,-,-,-,-,-,-,-,-,T,K,-,T,T,-,K,-,-,-,-,T,-,T,-,-,T,-,T,T,T,T,-
"15,19331018,1,A/G",A,-,A,A,A,A,A,A,A,A,A,A,-,A,A,R,R,A,A,-,A,A,R,A,A,-,A,A,A,R,-,R,A,A,A,R,-,A,A,R,-,A,A,-,A,A,-,A,-,A,A,A,A,A,A,A,A
"15,19335787,1,G/C",G,G,-,G,G,-,G,-,-,G,S,-,-,G,G,G,G,-,G,G,-,-,G,G,G,-,G,G,-,S,G,-,G,G,S,G,-,-,G,-,G,G,G,-,G,G,G,G,G,G,G,G,G,G,G,G,G
"15,24417810,1,A/C",A,-,-,-,-,-,-,-,-,A,-,-,-,M,-,-,M,-,-,-,-,-,-,-,-,-,A,-,-,-,-,-,-,-,-,-,-,A,-,A,M,A,-,-,A,-,A,A,A,A,A,-,-,-,-,A,A
"15,26157460,1,G/A",R,-,-,-,-,-,-,-,-,-,-,-,-,-,G,-,-,-,-,R,-,-,-,-,-,-,-,G,-,G,G,-,G,G,-,R,-,G,R,-,-,-,-,-,-,G,-,G,-,-,G,-,-,G,G,G,-
"15,30717159,1,C/G",S,-,S,-,-,C,-,S,C,S,-,-,S,C,-,S,-,-,S,-,S,S,S,S,-,-,G,S,-,-,-,S,S,S,S,-,-,-,S,-,-,-,-,G,-,-,C,-,C,C,C,-,C,C,-,C,C
"15,38108932,1,G/A",R,-,G,-,-,-,-,-,-,-,-,-,R,R,-,-,-,-,-,-,-,R,-,-,G,-,R,G,-,-,-,-,G,R,R,-,-,-,-,-,-,-,-,-,-,-,G,G,G,G,G,G,G,G,-,G,G
"15,38443110,1,C/G",-,-,C,G,S,-,-,-,S,-,-,-,-,-,G,-,-,-,-,S,-,-,-,-,-,-,-,-,C,-,-,-,S,S,-,-,-,-,-,-,-,-,-,-,C,-,C,C,C,-,C,C,C,-,-,-,-
"15,49080456,1,G/T",-,-,-,-,-,-,-,-,G,-,-,-,-,G,-,-,K,-,-,K,-,-,-,-,-,-,-,-,K,G,-,G,-,G,-,G,-,-,K,-,-,-,-,-,-,G,-,G,-,G,-,-,G,G,G,G,G
"15,63410917,1,G/A",R,-,R,G,R,-,R,A,-,-,A,-,-,-,-,-,-,-,-,-,-,-,-,A,-,-,-,-,-,-,R,-,-,-,-,-,R,-,-,-,-,A,-,-,R,G,G,G,G,G,G,G,G,G,-,G,-
"15,65283476,1,C/T",Y,-,Y,-,-,-,-,-,T,Y,Y,-,Y,-,T,Y,-,T,-,Y,Y,-,Y,Y,Y,Y,-,-,Y,-,Y,-,-,Y,Y,-,-,Y,-,T,-,-,-,Y,Y,C,-,C,C,C,-,C,-,C,-,-,C
"16,2266659,1,G/A",G,G,-,-,R,G,-,-,-,-,-,-,-,-,-,-,-,-,-,-,-,-,R,-,-,-,-,-,-,-,-,-,-,-,-,R,-,-,-,-,G,-,-,-,G,G,-,G,G,G,-,G,G,-,G,-,G
"16,3059021,1,A/G",-,A,A,A,A,A,A,A,-,A,A,A,-,-,A,-,-,-,-,-,R,-,A,-,-,-,-,-,A,-,A,-,R,-,A,A,-,-,-,A,R,-,-,-,A,A,-,A,A,A,A,A,A,-,A,A,A
"16,3307869,1,G/A",-,-,G,-,R,-,-,-,-,-,-,R,-,G,-,-,-,-,-,R,R,-,-,G,-,-,-,R,-,-,G,R,-,-,R,R,-,-,R,-,G,G,-,-,-,G,G,G,G,G,-,G,-,G,G,-,G
"16,5074780,1,C/A",M,C,C,-,C,M,C,-,-,-,-,-,-,-,-,-,-,-,-,C,-,C,C,-,-,-,-,-,-,M,C,-,-,C,M,-,-,C,-,-,-,-,-,-,-,C,-,C,C,C,-,C,C,C,C,-,C
"16,15409171,1,C/T",C,C,C,-,Y,-,-,C,-,-,-,-,-,-,-,C,-,-,C,C,-,-,-,-,-,C,-,-,C,Y,-,-,-,C,-,-,-,Y,C,-,-,C,-,C,-,C,C,-,C,C,C,C,C,C,-,C,C
"16,15799981,1,A/C",A,-,-,-,-,-,-,A,-,-,-,-,-,A,-,-,A,-,-,-,-,-,-,-,-,-,M,-,-,-,A,-,-,M,-,-,-,-,A,A,M,A,-,-,-,-,A,A,-,A,A,A,-,A,-,-,A
"16,20461796,1,T/C",T,T,-,-,T,-,-,T,Y,T,-,-,T,-,T,-,T,-,T,-,T,T,Y,-,-,Y,T,T,T,-,Y,-,T,T,-,-,-,T,T,Y,-,-,T,-,-,T,T,T,T,T,T,T,T,-,T,-,T
"16,20461893,1,G/A",-,-,-,G,-,G,G,G,-,R,G,R,G,G,-,R,G,-,G,R,-,G,G,-,-,-,G,R,G,-,R,G,R,G,-,G,-,R,G,-,-,G,G,G,G,G,G,G,G,G,G,G,-,-,-,G,G
"16,24669683,1,T/A",T,-,-,-,-,-,-,-,-,-,-,-,-,T,-,-,-,-,-,T,-,T,W,-,T,-,-,-,-,-,W,W,-,-,T,-,-,-,-,-,-,-,-,-,-,T,-,T,T,T,-,T,-,T,T,T,T
"16,24669693,1,T/A",T,-,-,-,-,-,-,-,-,-,-,-,-,W,-,-,-,-,-,-,-,-,W,-,-,-,W,T,-,-,-,-,-,-,-,-,-,-,W,-,-,-,-,-,-,T,-,T,T,T,-,-,-,T,T,-,T
"16,29283933,1,G/T",G,-,-,-,-,-,-,-,-,G,-,-,-,-,K,-,-,-,-,-,-,-,-,K,-,K,-,-,K,G,-,-,-,-,G,-,-,G,G,-,-,-,G,-,-,G,G,G,-,G,-,G,-,-,G,-,G
"16,55274040,1,C/G",S,-,-,S,S,G,S,S,S,-,S,-,G,S,G,S,-,-,S,S,-,S,S,-,-,S,S,-,-,S,S,S,S,S,S,-,-,-,S,-,-,S,S,-,-,C,C,C,C,C,C,C,-,C,C,-,C
"16,65821134,1,G/C",S,G,G,G,S,-,-,G,S,-,-,-,-,-,G,-,-,-,S,S,-,-,-,-,-,-,-,S,-,-,S,S,G,G,-,S,-,S,S,-,-,-,G,G,G,G,G,G,G,G,G,G,-,G,-,G,G
"16,66713316,1,C/G",S,-,S,-,C,C,S,S,C,-,C,-,C,G,-,C,-,S,-,C,-,S,-,G,-,C,S,-,S,-,C,-,-,S,S,-,-,C,C,-,-,S,-,-,C,C,C,C,C,C,C,-,C,C,-,C,C
"16,66713912,1,C/T",Y,-,Y,Y,C,C,Y,Y,C,-,-,-,C,T,-,-,-,Y,-,C,C,-,Y,T,-,C,Y,-,Y,-,C,-,C,Y,Y,-,-,C,-,-,-,Y,-,-,-,C,C,C,C,C,C,C,C,C,-,C,C
"16,66714069,1,C/G",S,-,S,-,C,C,-,S,C,-,C,-,-,-,-,-,-,S,-,C,-,-,S,G,C,C,-,C,S,-,C,-,-,S,S,-,-,C,-,C,C,S,-,-,C,C,C,C,C,C,C,C,-,C,-,C,C
"16,68873820,1,C/G",-,-,S,-,-,-,-,-,-,-,-,-,S,-,-,-,-,-,-,S,-,-,-,-,-,-,C,-,-,-,-,-,-,-,-,-,-,S,-,-,-,-,G,-,-,C,-,C,C,C,C,C,C,-,-,C,-
"16,68873904,1,C/T",Y,-,Y,-,-,-,-,-,-,-,-,-,Y,T,-,-,-,-,Y,-,-,-,-,-,-,-,-,-,-,-,-,-,Y,-,-,T,-,-,-,-,-,-,T,-,-,C,C,C,C,C,C,C,C,C,-,C,C
"16,68873966,1,C/A",M,M,M,-,M,A,-,-,-,-,M,-,M,A,M,-,-,M,-,M,M,M,M,C,M,M,M,M,M,-,M,M,M,M,M,A,M,M,M,-,C,M,-,A,M,C,C,C,C,C,C,C,C,C,-,C,C
"16,69463419,1,A/T",W,A,-,A,-,-,-,A,-,-,A,A,A,A,-,-,W,A,-,A,-,A,-,A,W,A,-,-,-,W,W,A,-,W,A,-,-,-,-,A,A,-,-,-,-,A,A,A,A,A,A,A,A,A,A,A,A
"17,3791447,1,G/A",G,R,G,-,G,-,G,G,-,-,-,-,-,-,G,G,-,-,-,-,-,-,-,-,-,-,R,-,-,G,-,-,-,R,G,-,G,-,-,-,-,G,G,-,R,G,G,G,G,-,-,G,G,G,G,-,-
"17,4822356,1,C/T",Y,Y,Y,-,-,C,-,Y,-,-,-,-,T,-,-,-,-,-,-,Y,-,-,-,-,-,Y,-,-,-,-,-,-,Y,-,-,-,T,-,-,-,-,Y,-,Y,-,C,C,C,C,C,-,C,-,-,-,-,-
"17,4822500,1,C/G",S,S,S,G,C,C,-,-,S,G,S,S,G,S,-,S,G,-,-,-,S,-,G,-,S,S,C,S,S,-,S,S,-,-,-,-,S,-,-,-,S,S,S,S,S,C,C,C,C,C,C,C,-,-,-,C,C
"17,4974338,1,C/T",Y,C,Y,Y,C,-,Y,Y,T,-,-,-,-,-,-,-,-,-,-,Y,-,-,-,C,-,T,Y,-,-,T,-,-,-,-,-,-,T,-,-,-,-,-,-,-,Y,C,C,-,C,C,C,C,-,-,-,-,C
"17,4974716,1,C/G",S,S,S,-,C,-,S,S,G,-,S,-,-,-,-,-,S,-,-,S,-,-,-,-,S,G,S,-,-,G,-,S,-,S,-,-,G,S,-,-,-,-,S,S,S,C,-,-,C,C,C,C,-,-,-,C,C
"17,5209081,1,A/T",-,-,-,A,-,-,-,A,-,-,A,A,W,-,A,W,-,-,-,-,-,-,A,-,-,-,-,A,A,-,W,A,-,-,-,-,-,-,-,-,-,-,-,-,-,A,-,-,-,A,A,A,-,A,A,A,A
"17,7342958,1,C/T",Y,-,-,T,-,-,-,Y,Y,-,-,-,T,-,-,Y,-,-,-,Y,-,-,-,-,T,-,-,-,Y,-,-,-,Y,-,-,Y,-,C,-,-,-,-,-,-,-,C,C,C,C,-,-,C,-,C,-,C,C
"17,15581540,1,A/G",A,R,-,-,R,-,-,-,-,-,A,-,-,-,-,-,-,A,-,A,-,-,-,-,-,-,-,-,-,-,-,-,-,-,-,-,-,A,-,-,-,R,-,-,A,A,A,A,A,A,-,A,A,-,-,-,A
"17,18608950,1,G/A",G,G,G,G,-,G,G,G,-,-,-,-,G,-,G,G,G,-,-,G,-,-,-,G,G,G,R,R,G,G,G,-,G,-,G,-,G,G,R,G,-,-,-,-,-,-,G,G,-,G,-,-,G,G,G,-,G
"17,31605586,1,T/G",-,-,T,-,T,-,T,K,-,-,-,-,-,-,-,T,T,-,T,-,T,-,-,-,-,-,K,T,-,-,T,-,-,-,T,-,-,T,T,T,-,T,K,T,-,-,T,T,T,T,T,-,-,-,T,-,-
"17,39831667,1,C/G",S,-,-,S,-,-,-,-,-,C,-,-,-,-,C,S,-,-,S,S,-,-,-,-,-,-,-,-,-,-,-,-,-,S,C,-,-,S,-,-,-,C,-,C,-,-,C,C,C,C,C,C,C,-,-,-,C
"17,42569697,1,C/G",C,-,-,-,-,-,-,-,S,-,-,-,S,C,-,-,-,-,S,-,-,S,-,C,-,C,C,-,-,-,-,-,-,-,-,-,-,-,C,-,-,-,-,-,-,C,C,C,C,C,C,-,C,C,C,C,C
"17,42589724,1,T/C",Y,-,-,Y,-,T,Y,-,-,T,Y,-,-,-,T,-,Y,-,-,-,T,T,-,T,-,T,-,-,-,-,T,Y,-,-,-,-,-,-,T,-,T,-,-,-,-,T,-,-,T,-,T,T,T,T,T,T,T
"17,50347129,1,A/T",-,-,-,-,-,-,-,-,-,-,A,-,-,W,-,-,A,A,A,W,-,-,-,A,A,A,A,A,A,W,-,-,-,-,-,A,-,A,-,-,-,-,-,-,-,A,A,A,A,-,-,A,-,-,A,A,A
"17,52420557,1,T/A",T,T,T,T,-,T,-,T,-,-,-,-,-,-,-,-,-,-,-,-,-,W,-,T,-,-,-,-,W,T,T,T,-,-,-,W,-,-,-,-,-,-,-,-,-,T,T,T,-,T,T,-,T,T,T,T,T
"17,60282377,1,G/A",G,G,-,-,G,R,-,G,-,G,-,-,G,-,G,-,G,G,G,-,-,G,G,G,G,R,R,G,-,-,G,G,R,G,G,G,-,-,-,-,-,G,G,G,-,G,G,G,G,G,G,G,G,-,G,G,G
"17,60282467,1,G/T",G,G,G,K,G,K,G,G,-,G,G,G,G,-,G,-,-,-,G,-,G,K,-,-,G,K,K,K,G,G,G,G,G,K,G,-,-,G,G,-,-,G,G,G,-,G,-,G,G,G,-,G,G,-,-,G,G
"17,63472410,1,T/G",T,T,T,-,T,-,T,K,T,T,T,-,K,-,K,T,T,T,-,T,-,-,T,T,-,T,K,T,T,-,T,T,T,T,T,T,T,-,T,T,-,T,T,-,-,-,T,T,-,-,-,T,T,T,T,-,T
"17,64498533,1,G/T",K,-,K,T,G,-,K,T,-,K,-,-,-,G,-,G,-,T,G,G,K,K,K,-,G,G,K,G,G,G,G,-,G,K,-,G,-,G,G,-,G,-,-,-,-,G,G,G,G,G,G,G,G,-,G,G,G
"17,64499978,1,G/C",S,-,S,-,G,-,-,C,-,S,-,-,-,-,-,G,-,C,-,G,S,S,-,-,G,-,-,G,-,-,-,-,-,-,-,G,-,G,-,G,-,-,G,-,-,G,-,G,G,G,G,G,-,-,-,G,G
"18,14173979,1,G/A",-,-,-,-,-,-,-,-,-,-,-,-,R,R,-,-,-,-,-,G,-,R,-,-,-,-,-,-,-,-,-,-,-,-,-,-,-,-,-,-,-,-,-,-,-,-,-,G,G,G,G,-,-,G,-,G,-
"18,17599869,1,G/T",K,G,-,-,K,G,-,K,-,-,K,K,-,-,-,K,K,-,K,-,G,K,K,-,K,-,-,-,-,G,K,-,K,K,K,K,K,K,K,-,-,K,K,-,-,G,G,G,G,G,G,G,G,G,G,G,G
"18,48843629,1,A/C",A,-,-,-,A,-,-,-,-,-,A,A,-,-,-,A,A,-,A,A,M,-,A,-,-,A,A,-,M,A,-,-,-,-,-,M,-,A,A,A,-,A,A,-,-,A,A,-,A,-,-,A,-,A,-,A,A
"18,59778346,1,G/T",K,-,K,-,-,-,T,-,-,-,-,-,K,-,T,G,K,T,-,G,G,G,-,-,G,-,K,-,K,G,-,G,-,K,G,G,G,-,K,-,-,-,-,-,-,G,G,G,G,G,G,G,-,G,G,G,G
"19,12815346,1,G/A",-,A,R,R,R,-,-,R,-,-,-,-,-,-,-,-,-,-,-,-,-,-,R,-,-,R,-,R,-,R,R,R,-,R,G,A,-,R,-,A,A,-,-,-,-,G,G,G,G,G,G,G,-,-,G,-,-
"19,12945069,1,C/G",S,-,S,S,-,-,-,-,-,-,-,-,-,-,-,-,-,-,-,-,-,-,-,-,-,-,-,-,-,-,-,-,-,-,-,-,-,-,-,-,-,C,S,-,-,C,C,C,C,C,C,-,-,-,-,C,-
"19,12945154,1,C/G",S,-,-,S,-,-,S,S,-,-,-,-,-,-,-,-,G,-,S,-,S,-,S,-,-,S,S,-,S,-,-,-,S,S,S,S,-,-,-,-,-,C,S,-,-,C,C,C,C,C,C,C,-,-,-,C,C
"19,14852304,1,A/G",A,-,-,A,-,-,A,A,-,-,-,A,R,-,A,R,-,-,-,A,A,-,A,-,A,A,-,-,R,-,-,A,R,A,-,-,-,-,-,-,-,-,-,-,A,A,A,A,A,A,-,A,A,-,A,A,A
"19,20599365,1,C/T",Y,-,-,-,C,C,-,-,-,-,C,C,-,C,Y,C,-,Y,-,C,-,-,C,-,-,-,C,C,C,C,C,Y,-,-,C,C,C,C,C,-,-,-,-,-,-,C,C,C,C,C,C,C,-,-,C,C,-
"19,21007943,1,C/G",-,C,-,-,-,-,-,C,-,-,C,-,-,C,C,-,-,C,-,S,-,C,C,-,-,C,-,S,-,C,-,S,-,-,C,S,C,G,-,-,-,-,-,-,-,C,C,-,-,C,-,C,-,C,C,C,C
"19,38162969,1,G/A",-,-,G,R,G,G,G,G,G,G,-,G,G,R,-,G,R,G,-,-,G,R,-,G,-,G,G,-,-,-,G,G,R,G,R,-,G,G,G,-,R,G,R,-,G,G,G,G,G,G,G,-,-,-,G,-,G
"19,43292745,1,G/A",R,-,R,-,G,R,-,R,R,-,-,-,-,-,-,-,-,A,R,-,-,R,R,-,-,-,G,-,G,A,-,R,-,-,-,-,-,-,R,-,R,-,G,-,-,G,G,-,G,G,G,G,-,G,G,G,G
"19,45060409,1,C/A",-,C,C,C,C,C,C,C,-,C,C,-,-,-,-,C,-,-,-,-,C,C,M,-,M,-,-,C,-,C,-,-,C,C,C,-,-,C,-,-,-,C,M,C,C,C,C,C,C,C,C,C,-,C,C,C,C
"19,46047544,1,C/A",C,C,C,-,C,-,C,C,C,-,-,C,-,-,C,-,M,M,C,C,C,-,C,-,C,C,-,-,-,M,-,-,-,C,-,C,-,-,C,C,C,-,-,-,C,C,C,C,C,C,C,C,C,C,C,C,C
"19,46883827,1,C/G",S,-,-,-,S,C,-,C,S,-,-,S,-,-,-,C,-,-,S,S,S,C,-,C,C,-,C,S,-,C,S,S,C,-,-,-,-,-,-,-,-,-,-,-,-,-,C,C,C,C,C,C,C,C,C,-,C
"19,48112017,1,G/C",-,G,G,G,-,-,-,-,-,-,-,-,-,-,-,-,-,-,-,G,-,-,-,-,-,-,S,G,-,-,-,-,C,G,G,-,G,-,-,-,G,-,C,-,-,G,G,G,G,G,-,G,-,G,G,G,G
"19,48277298,1,G/T",G,-,-,-,-,G,-,G,-,-,K,-,G,K,-,G,-,G,-,K,K,G,-,K,G,-,-,G,-,G,G,-,-,-,K,G,G,-,-,-,-,K,-,-,-,G,-,G,-,-,-,G,G,G,G,G,G
"19,49583042,1,C/G",S,C,C,S,-,C,-,-,-,-,-,C,C,-,-,-,-,-,C,-,-,C,S,S,-,C,S,C,-,-,S,S,C,C,-,-,-,-,C,C,-,-,-,-,-,C,-,-,C,C,C,C,C,C,-,-,-
"19,49583973,1,C/T",C,-,C,Y,-,C,-,C,C,-,-,C,-,C,-,-,Y,-,C,C,-,C,C,-,-,-,Y,-,-,-,C,C,C,-,-,C,C,C,C,C,-,-,-,-,-,C,-,-,-,C,C,C,C,C,C,C,C
"19,54336657,1,A/G",R,-,-,-,-,-,-,-,-,-,-,R,-,-,-,-,-,-,-,R,-,-,-,-,-,-,-,-,-,A,-,-,-,-,-,-,-,-,-,-,-,-,R,-,-,A,A,A,A,-,-,A,-,A,-,-,A
"19,57770953,1,C/A",C,C,C,C,C,C,C,C,C,-,-,-,-,C,-,C,C,C,C,M,-,C,C,-,C,C,C,M,-,C,-,C,C,-,C,C,-,C,-,C,C,C,M,C,-,C,C,C,C,C,-,C,C,C,-,-,C
"19,58343657,1,T/C",T,T,-,-,-,-,T,-,T,-,-,-,T,-,-,T,-,-,-,-,-,-,T,-,-,T,-,T,-,-,-,Y,-,T,-,Y,-,Y,T,T,T,-,-,-,-,T,T,T,T,T,-,T,T,T,T,T,T
"19,59086591,1,G/A",R,G,-,A,R,-,-,R,-,-,R,A,-,-,-,-,A,-,-,-,R,R,R,-,-,A,-,-,-,-,R,R,-,R,-,-,R,A,R,-,A,R,-,-,G,G,G,-,G,G,G,G,G,G,G,G,G
"19,59417894,1,C/T",C,C,Y,-,Y,-,C,C,C,-,-,C,-,-,C,-,-,-,-,C,-,Y,-,C,-,-,-,Y,-,Y,-,C,C,-,-,-,-,-,-,C,C,Y,C,C,C,C,C,C,-,C,C,C,-,C,C,-,C
"19,59777121,1,C/T",C,-,C,C,Y,C,-,-,-,-,-,C,-,-,-,C,C,-,-,C,-,C,C,-,-,C,Y,-,-,C,-,-,-,C,-,-,C,-,-,C,-,-,Y,-,Y,C,C,C,C,C,C,C,C,C,C,-,C
"19,59777249,1,A/G",R,-,R,A,R,R,A,A,R,-,-,-,-,-,-,A,A,-,-,A,-,-,-,A,-,-,R,-,-,-,A,A,A,A,R,A,A,-,-,-,A,A,R,-,R,A,A,A,A,A,A,A,-,A,A,-,A
"19,59950527,1,A/T",A,-,A,A,-,-,A,-,A,-,-,A,A,-,T,A,-,-,-,W,A,A,A,A,A,-,A,-,-,-,A,A,A,W,A,-,A,-,A,-,-,-,A,A,-,A,A,-,A,A,-,-,A,-,A,-,A
"19,60023121,1,G/A",-,G,R,-,G,-,-,-,-,A,A,-,-,-,G,R,A,-,-,-,R,-,-,-,-,-,-,-,-,G,R,G,-,-,-,-,-,-,R,-,-,R,-,-,-,G,G,G,G,G,G,G,G,G,G,-,G
"19,60058946,1,A/G",-,A,A,A,R,A,A,A,A,A,A,-,-,A,A,-,A,-,A,-,A,R,A,-,A,A,A,A,A,A,A,R,R,A,-,A,A,-,-,-,R,-,A,A,-,-,A,A,A,A,A,A,A,A,A,-,A
"19,60062216,1,A/G",A,R,A,A,A,R,A,R,A,A,A,-,-,-,A,A,-,-,-,A,A,-,A,A,-,A,A,A,A,A,A,A,A,A,-,A,-,A,A,-,-,A,A,A,A,-,A,A,A,A,A,A,A,-,A,-,A
"20,2584261,1,G/C",S,-,S,-,-,G,-,S,-,C,-,-,-,-,-,-,-,-,-,G,S,S,S,-,-,-,S,-,S,G,-,-,G,-,S,-,-,G,-,-,-,-,G,-,-,G,G,G,G,G,G,G,-,-,-,-,G
"20,2585638,1,G/A",R,-,R,-,G,G,R,R,-,R,-,-,-,R,-,G,-,-,-,G,R,R,R,G,G,G,R,G,R,G,G,G,G,G,R,-,A,G,-,G,-,-,G,-,-,G,G,G,G,G,G,G,-,G,G,G,G
"20,6013772,1,C/A",M,M,-,C,M,-,-,M,M,C,M,-,M,-,M,-,C,-,M,M,M,A,-,A,M,M,-,-,M,-,M,-,M,M,M,-,-,M,-,-,-,A,M,A,M,C,C,C,C,C,C,C,C,C,C,-,C
"20,23615794,1,G/T",G,G,G,G,G,-,G,G,G,G,G,G,G,-,-,G,G,-,K,G,G,-,K,-,-,G,G,G,G,K,G,G,G,G,-,G,G,-,G,-,-,G,G,G,G,G,G,G,G,G,G,-,G,G,G,G,G
"20,32141430,1,C/G",S,C,S,-,S,-,G,S,-,-,-,-,-,-,S,S,G,-,S,S,-,-,S,S,C,-,-,-,-,-,S,S,G,-,-,S,G,S,-,S,-,-,S,-,S,-,C,C,C,-,C,C,C,C,C,-,C
"20,39467262,1,G/A",R,-,R,-,-,-,-,-,R,A,R,-,R,-,A,R,R,-,-,-,-,R,R,-,R,-,-,-,R,-,-,-,R,-,-,R,A,-,-,A,G,A,-,A,R,G,G,-,-,G,-,-,G,G,G,G,G
"20,47067413,1,A/T",-,-,A,-,-,-,-,W,-,-,A,-,-,A,A,-,A,-,-,W,A,-,A,-,A,-,-,A,A,-,A,A,-,A,-,-,-,W,-,-,W,-,-,-,-,-,A,A,A,A,A,A,A,-,A,A,A
"20,49726170,1,G/A",G,-,-,G,G,-,-,-,-,-,G,-,-,-,-,-,-,-,R,G,R,-,-,-,-,G,-,-,-,-,R,-,G,-,-,-,-,G,R,G,-,-,G,-,-,G,-,G,-,G,-,G,G,-,-,G,G
"21,9991028,1,C/A",C,-,-,C,-,C,-,-,-,C,-,C,C,C,M,C,-,C,C,M,-,-,C,-,C,-,M,C,-,C,C,C,C,C,C,C,-,C,C,-,-,-,-,-,C,C,C,-,C,-,-,C,C,C,-,-,C
"21,13904698,1,T/C",Y,-,-,-,-,-,-,-,-,-,-,T,-,-,-,Y,-,-,-,-,-,T,-,-,T,T,-,T,-,T,T,Y,T,T,T,-,Y,T,T,-,-,-,-,-,-,T,T,T,-,-,-,-,T,-,T,T,T
"21,13922701,1,A/G",A,-,-,-,-,-,-,-,A,-,A,A,A,A,-,R,R,-,A,R,A,A,-,-,A,A,A,A,A,A,A,A,A,-,A,-,-,A,A,-,R,-,A,-,-,-,A,A,A,-,A,-,A,A,A,A,A
"21,13933644,1,C/T",C,-,-,C,-,-,-,-,-,-,-,C,C,Y,-,-,Y,-,C,-,-,C,-,Y,C,-,-,-,-,C,C,-,-,C,C,C,-,C,C,-,-,-,-,-,-,-,-,C,C,C,-,C,C,-,C,C,C
"21,17846060,1,A/G",R,-,-,-,-,-,-,-,A,-,-,-,A,A,A,A,A,A,-,A,A,A,A,-,-,A,R,A,A,R,A,A,-,-,R,-,-,A,-,A,-,-,-,-,-,-,A,A,A,A,A,-,A,A,A,A,A
"21,44835825,1,A/G",A,-,-,-,A,-,A,-,-,R,A,-,-,-,A,A,-,A,A,A,A,A,A,A,A,R,A,-,A,A,A,A,A,-,A,A,A,A,A,A,-,R,A,-,A,A,A,-,A,-,-,A,-,A,A,A,-
"22,14829536,1,G/A",-,-,G,G,-,-,G,G,G,G,G,G,R,G,G,G,G,R,R,G,G,G,R,R,G,G,G,G,G,G,-,R,G,G,G,G,-,-,G,G,G,G,G,G,G,-,-,G,G,G,G,G,G,-,G,G,-
"22,21172518,1,G/A",G,-,R,R,G,-,G,G,-,-,G,G,G,G,G,G,R,-,G,-,G,G,-,-,-,-,G,-,G,R,R,R,G,G,G,G,-,G,G,G,-,G,R,R,-,G,G,G,G,G,G,G,G,G,G,G,G
"22,21986859,1,T/C",Y,-,T,-,C,Y,Y,Y,-,-,-,-,-,-,-,-,-,-,-,-,-,-,-,-,-,-,-,-,-,-,-,-,-,T,-,-,-,Y,-,-,T,-,T,-,-,T,T,T,T,-,-,T,-,-,T,T,T
"22,30919088,1,G/A",R,G,-,-,-,A,R,G,-,-,G,-,G,-,G,-,-,G,-,G,-,G,G,R,G,G,G,-,-,-,G,-,-,-,G,G,G,G,G,-,G,G,-,G,-,G,G,G,G,G,-,G,-,G,G,G,G
"22,38040769,1,C/G",S,-,S,-,-,C,G,-,C,-,-,C,-,-,C,-,-,-,-,-,-,S,-,-,-,-,-,-,-,-,-,C,-,-,S,-,-,-,-,-,-,-,-,-,-,C,C,C,C,C,-,C,-,C,-,-,C
"22,38043570,1,C/G",S,-,S,-,-,-,G,-,-,-,-,-,-,-,S,-,-,-,-,-,-,-,-,-,-,-,-,-,-,-,-,-,-,-,-,-,-,-,-,-,-,-,-,-,-,C,C,C,C,C,C,C,-,-,-,-,C
"22,43953006,1,A/G",R,A,A,-,A,A,A,A,A,-,A,R,A,A,-,A,R,R,R,A,A,A,A,A,-,-,R,A,A,-,A,A,-,-,R,A,A,A,R,A,A,A,-,A,A,-,A,-,A,A,A,A,A,A,A,-,A
